C:\Users\jesus\AppData\Local\Programs\Python\Python313\Lib\site-packages\requests\__init__.py:113: RequestsDependencyWarning: urllib3 (2.5.0) or chardet (7.4.3)/charset_normalizer (3.4.4) doesn't match a supported version!
  warnings.warn(
^CC:\Users\jesus\AppData\Local\Programs\Python\Python313\Lib\site-packages\requests\__init__.py:113: RequestsDependencyWarning: urllib3 (2.5.0) or chardet (7.4.3)/charset_normalizer (3.4.4) doesn't match a supported version!
  warnings.warn(
[2026-08-31 23:31:03] GET https://intrajisbackend.com/api/dte_sii_status/cron
HTTP 503
<!DOCTYPE HTML PUBLIC "-//IETF//DTD HTML 2.0//EN">
<html><head>
<title>503 Service Unavailable</title>
</head><body>
<h1>Service Unavailable</h1>
<p>The server is temporarily unable to service your
request due to maintenance downtime or capacity
problems. Please try again later.</p>
<hr>
<address>Apache/2.4.58 (Ubuntu) Server at intrajisbackend.com Port 443</address>
</body></html>

C:\Users\jesus\AppData\Local\Programs\Python\Python313\Lib\site-packages\requests\__init__.py:113: RequestsDependencyWarning: urllib3 (2.5.0) or chardet (7.4.3)/charset_normalizer (3.4.4) doesn't match a supported version!
  warnings.warn(
^CC:\Users\jesus\AppData\Local\Programs\Python\Python313\Lib\site-packages\requests\__init__.py:113: RequestsDependencyWarning: urllib3 (2.5.0) or chardet (7.4.3)/charset_normalizer (3.4.4) doesn't match a supported version!
  warnings.warn(
^CC:\Users\jesus\AppData\Local\Programs\Python\Python313\Lib\site-packages\requests\__init__.py:113: RequestsDependencyWarning: urllib3 (2.5.0) or chardet (7.4.3)/charset_normalizer (3.4.4) doesn't match a supported version!
  warnings.warn(
^CC:\Users\jesus\AppData\Local\Programs\Python\Python313\Lib\site-packages\requests\__init__.py:113: RequestsDependencyWarning: urllib3 (2.5.0) or chardet (7.4.3)/charset_normalizer (3.4.4) doesn't match a supported version!
  warnings.warn(
^CC:\Users\jesus\AppData\Local\Programs\Python\Python313\Lib\site-packages\requests\__init__.py:113: RequestsDependencyWarning: urllib3 (2.5.0) or chardet (7.4.3)/charset_normalizer (3.4.4) doesn't match a supported version!
  warnings.warn(
^CC:\Users\jesus\AppData\Local\Programs\Python\Python313\Lib\site-packages\requests\__init__.py:113: RequestsDependencyWarning: urllib3 (2.5.0) or chardet (7.4.3)/charset_normalizer (3.4.4) doesn't match a supported version!
  warnings.warn(
[2026-09-01 09:31:02] GET https://intrajisbackend.com/api/dte_sii_status/cron
HTTP 200
{
  "message": {
    "status": "success",
    "mode": "one_by_one",
    "processed": 0,
    "checked": 0,
    "updated": 0,
    "still_pending": 0,
    "rejected_alerts": 0,
    "skipped": 0,
    "errors": [],
    "items": [],
    "has_more": false,
    "lookback_days": 30,
    "elapsed_seconds": 0.0,
    "pending_remaining": 0
  }
}
C:\Users\jesus\AppData\Local\Programs\Python\Python313\Lib\site-packages\requests\__init__.py:113: RequestsDependencyWarning: urllib3 (2.5.0) or chardet (7.4.3)/charset_normalizer (3.4.4) doesn't match a supported version!
  warnings.warn(
^CC:\Users\jesus\AppData\Local\Programs\Python\Python313\Lib\site-packages\requests\__init__.py:113: RequestsDependencyWarning: urllib3 (2.5.0) or chardet (7.4.3)/charset_normalizer (3.4.4) doesn't match a supported version!
  warnings.warn(
[2026-09-01 10:11:02] GET https://intrajisbackend.com/api/dte_sii_status/cron
HTTP 200
{
  "message": {
    "status": "success",
    "mode": "one_by_one",
    "processed": 0,
    "checked": 0,
    "updated": 0,
    "still_pending": 0,
    "rejected_alerts": 0,
    "skipped": 0,
    "errors": [],
    "items": [],
    "has_more": false,
    "lookback_days": 30,
    "elapsed_seconds": 0.0,
    "pending_remaining": 0
  }
}
C:\Users\jesus\AppData\Local\Programs\Python\Python313\Lib\site-packages\requests\__init__.py:113: RequestsDependencyWarning: urllib3 (2.5.0) or chardet (7.4.3)/charset_normalizer (3.4.4) doesn't match a supported version!
  warnings.warn(
[2026-09-01 10:31:02] GET https://intrajisbackend.com/api/dte_sii_status/cron
HTTP 200
{
  "message": {
    "status": "success",
    "mode": "one_by_one",
    "processed": 0,
    "checked": 0,
    "updated": 0,
    "still_pending": 0,
    "rejected_alerts": 0,
    "skipped": 0,
    "errors": [],
    "items": [],
    "has_more": false,
    "lookback_days": 30,
    "elapsed_seconds": 0.0,
    "pending_remaining": 0
  }
}
C:\Users\jesus\AppData\Local\Programs\Python\Python313\Lib\site-packages\requests\__init__.py:113: RequestsDependencyWarning: urllib3 (2.5.0) or chardet (7.4.3)/charset_normalizer (3.4.4) doesn't match a supported version!
  warnings.warn(
[2026-09-01 10:51:02] GET https://intrajisbackend.com/api/dte_sii_status/cron
HTTP 200
{
  "message": {
    "status": "success",
    "mode": "one_by_one",
    "processed": 0,
    "checked": 0,
    "updated": 0,
    "still_pending": 0,
    "rejected_alerts": 0,
    "skipped": 0,
    "errors": [],
    "items": [],
    "has_more": false,
    "lookback_days": 30,
    "elapsed_seconds": 0.0,
    "pending_remaining": 0
  }
}
C:\Users\jesus\AppData\Local\Programs\Python\Python313\Lib\site-packages\requests\__init__.py:113: RequestsDependencyWarning: urllib3 (2.5.0) or chardet (7.4.3)/charset_normalizer (3.4.4) doesn't match a supported version!
  warnings.warn(
[2026-09-01 11:11:02] GET https://intrajisbackend.com/api/dte_sii_status/cron
HTTP 200
{
  "message": {
    "status": "success",
    "mode": "one_by_one",
    "processed": 0,
    "checked": 0,
    "updated": 0,
    "still_pending": 0,
    "rejected_alerts": 0,
    "skipped": 0,
    "errors": [],
    "items": [],
    "has_more": false,
    "lookback_days": 30,
    "elapsed_seconds": 0.0,
    "pending_remaining": 0
  }
}
C:\Users\jesus\AppData\Local\Programs\Python\Python313\Lib\site-packages\requests\__init__.py:113: RequestsDependencyWarning: urllib3 (2.5.0) or chardet (7.4.3)/charset_normalizer (3.4.4) doesn't match a supported version!
  warnings.warn(
[2026-09-01 11:31:02] GET https://intrajisbackend.com/api/dte_sii_status/cron
HTTP 200
{
  "message": {
    "status": "success",
    "mode": "one_by_one",
    "processed": 0,
    "checked": 0,
    "updated": 0,
    "still_pending": 0,
    "rejected_alerts": 0,
    "skipped": 0,
    "errors": [],
    "items": [],
    "has_more": false,
    "lookback_days": 30,
    "elapsed_seconds": 0.0,
    "pending_remaining": 0
  }
}
C:\Users\jesus\AppData\Local\Programs\Python\Python313\Lib\site-packages\requests\__init__.py:113: RequestsDependencyWarning: urllib3 (2.5.0) or chardet (7.4.3)/charset_normalizer (3.4.4) doesn't match a supported version!
  warnings.warn(
^CC:\Users\jesus\AppData\Local\Programs\Python\Python313\Lib\site-packages\requests\__init__.py:113: RequestsDependencyWarning: urllib3 (2.5.0) or chardet (7.4.3)/charset_normalizer (3.4.4) doesn't match a supported version!
  warnings.warn(
[2026-09-01 12:11:02] GET https://intrajisbackend.com/api/dte_sii_status/cron
HTTP 200
{
  "message": {
    "status": "success",
    "mode": "one_by_one",
    "processed": 5,
    "checked": 5,
    "updated": 5,
    "still_pending": 0,
    "rejected_alerts": 0,
    "skipped": 0,
    "errors": [],
    "items": [
      {
        "id": 11806777,
        "folio": 33474933,
        "dte_type_id": 39,
        "prev_sii_status_id": 1,
        "sii_status_id": 2
      },
      {
        "id": 11806778,
        "folio": 33474934,
        "dte_type_id": 39,
        "prev_sii_status_id": 1,
        "sii_status_id": 2
      },
      {
        "id": 11806779,
        "folio": 33474935,
        "dte_type_id": 39,
        "prev_sii_status_id": 1,
        "sii_status_id": 2
      },
      {
        "id": 11806780,
        "folio": 33474936,
        "dte_type_id": 39,
        "prev_sii_status_id": 1,
        "sii_status_id": 2
      },
      {
        "id": 11806781,
        "folio": 33474937,
        "dte_type_id": 39,
        "prev_sii_status_id": 1,
        "sii_status_id": 2
      }
    ],
    "has_more": true,
    "lookback_days": 30,
    "elapsed_seconds": 3.3,
    "pending_remaining": 56
  }
}
C:\Users\jesus\AppData\Local\Programs\Python\Python313\Lib\site-packages\requests\__init__.py:113: RequestsDependencyWarning: urllib3 (2.5.0) or chardet (7.4.3)/charset_normalizer (3.4.4) doesn't match a supported version!
  warnings.warn(
[2026-09-01 12:31:02] GET https://intrajisbackend.com/api/dte_sii_status/cron
HTTP 200
{
  "message": {
    "status": "success",
    "mode": "one_by_one",
    "processed": 5,
    "checked": 5,
    "updated": 5,
    "still_pending": 0,
    "rejected_alerts": 0,
    "skipped": 0,
    "errors": [],
    "items": [
      {
        "id": 11806800,
        "folio": 33474948,
        "dte_type_id": 39,
        "prev_sii_status_id": 1,
        "sii_status_id": 2
      },
      {
        "id": 11806802,
        "folio": 33474949,
        "dte_type_id": 39,
        "prev_sii_status_id": 1,
        "sii_status_id": 2
      },
      {
        "id": 11806803,
        "folio": 33474950,
        "dte_type_id": 39,
        "prev_sii_status_id": 1,
        "sii_status_id": 2
      },
      {
        "id": 11806804,
        "folio": 33474951,
        "dte_type_id": 39,
        "prev_sii_status_id": 1,
        "sii_status_id": 2
      },
      {
        "id": 11806809,
        "folio": 33474952,
        "dte_type_id": 39,
        "prev_sii_status_id": 1,
        "sii_status_id": 2
      }
    ],
    "has_more": true,
    "lookback_days": 30,
    "elapsed_seconds": 5.7,
    "pending_remaining": 156
  }
}
C:\Users\jesus\AppData\Local\Programs\Python\Python313\Lib\site-packages\requests\__init__.py:113: RequestsDependencyWarning: urllib3 (2.5.0) or chardet (7.4.3)/charset_normalizer (3.4.4) doesn't match a supported version!
  warnings.warn(
[2026-09-01 19:44:48] GET https://intrajisbackend.com/api/dte_sii_status/cron
HTTP 200
{
  "message": {
    "status": "success",
    "mode": "one_by_one",
    "processed": 5,
    "checked": 5,
    "updated": 5,
    "still_pending": 0,
    "rejected_alerts": 0,
    "skipped": 0,
    "errors": [],
    "items": [
      {
        "id": 11807143,
        "folio": 33475119,
        "dte_type_id": 39,
        "prev_sii_status_id": 1,
        "sii_status_id": 2
      },
      {
        "id": 11807145,
        "folio": 33475120,
        "dte_type_id": 39,
        "prev_sii_status_id": 1,
        "sii_status_id": 2
      },
      {
        "id": 11807146,
        "folio": 33475121,
        "dte_type_id": 39,
        "prev_sii_status_id": 1,
        "sii_status_id": 2
      },
      {
        "id": 11807150,
        "folio": 33475122,
        "dte_type_id": 39,
        "prev_sii_status_id": 1,
        "sii_status_id": 2
      },
      {
        "id": 11807151,
        "folio": 33475123,
        "dte_type_id": 39,
        "prev_sii_status_id": 1,
        "sii_status_id": 2
      }
    ],
    "has_more": true,
    "lookback_days": 30,
    "elapsed_seconds": 3.5,
    "pending_remaining": 227
  }
}
C:\Users\jesus\AppData\Local\Programs\Python\Python313\Lib\site-packages\requests\__init__.py:113: RequestsDependencyWarning: urllib3 (2.5.0) or chardet (7.4.3)/charset_normalizer (3.4.4) doesn't match a supported version!
  warnings.warn(
[2026-09-01 19:51:02] GET https://intrajisbackend.com/api/dte_sii_status/cron
HTTP 200
{
  "message": {
    "status": "success",
    "mode": "one_by_one",
    "processed": 5,
    "checked": 5,
    "updated": 5,
    "still_pending": 0,
    "rejected_alerts": 0,
    "skipped": 0,
    "errors": [],
    "items": [
      {
        "id": 11807164,
        "folio": 33475128,
        "dte_type_id": 39,
        "prev_sii_status_id": 1,
        "sii_status_id": 2
      },
      {
        "id": 11807165,
        "folio": 33475129,
        "dte_type_id": 39,
        "prev_sii_status_id": 1,
        "sii_status_id": 2
      },
      {
        "id": 11807172,
        "folio": 33475130,
        "dte_type_id": 39,
        "prev_sii_status_id": 1,
        "sii_status_id": 2
      },
      {
        "id": 11807173,
        "folio": 33475131,
        "dte_type_id": 39,
        "prev_sii_status_id": 1,
        "sii_status_id": 2
      },
      {
        "id": 11807174,
        "folio": 33475132,
        "dte_type_id": 39,
        "prev_sii_status_id": 1,
        "sii_status_id": 2
      }
    ],
    "has_more": true,
    "lookback_days": 30,
    "elapsed_seconds": 3.4,
    "pending_remaining": 217
  }
}
C:\Users\jesus\AppData\Local\Programs\Python\Python313\Lib\site-packages\requests\__init__.py:113: RequestsDependencyWarning: urllib3 (2.5.0) or chardet (7.4.3)/charset_normalizer (3.4.4) doesn't match a supported version!
  warnings.warn(
[2026-09-01 20:11:02] GET https://intrajisbackend.com/api/dte_sii_status/cron
HTTP 200
{
  "message": {
    "status": "success",
    "mode": "one_by_one",
    "processed": 5,
    "checked": 5,
    "updated": 5,
    "still_pending": 0,
    "rejected_alerts": 0,
    "skipped": 0,
    "errors": [],
    "items": [
      {
        "id": 11807194,
        "folio": 33475290,
        "dte_type_id": 39,
        "prev_sii_status_id": 1,
        "sii_status_id": 2
      },
      {
        "id": 11807197,
        "folio": 33475291,
        "dte_type_id": 39,
        "prev_sii_status_id": 1,
        "sii_status_id": 2
      },
      {
        "id": 11807201,
        "folio": 33475292,
        "dte_type_id": 39,
        "prev_sii_status_id": 1,
        "sii_status_id": 2
      },
      {
        "id": 11807202,
        "folio": 33475293,
        "dte_type_id": 39,
        "prev_sii_status_id": 1,
        "sii_status_id": 2
      },
      {
        "id": 11807203,
        "folio": 33475294,
        "dte_type_id": 39,
        "prev_sii_status_id": 1,
        "sii_status_id": 2
      }
    ],
    "has_more": true,
    "lookback_days": 30,
    "elapsed_seconds": 3.5,
    "pending_remaining": 202
  }
}
C:\Users\jesus\AppData\Local\Programs\Python\Python313\Lib\site-packages\requests\__init__.py:113: RequestsDependencyWarning: urllib3 (2.5.0) or chardet (7.4.3)/charset_normalizer (3.4.4) doesn't match a supported version!
  warnings.warn(
[2026-09-01 20:31:02] GET https://intrajisbackend.com/api/dte_sii_status/cron
HTTP 200
{
  "message": {
    "status": "success",
    "mode": "one_by_one",
    "processed": 5,
    "checked": 5,
    "updated": 5,
    "still_pending": 0,
    "rejected_alerts": 0,
    "skipped": 0,
    "errors": [],
    "items": [
      {
        "id": 11807223,
        "folio": 33475305,
        "dte_type_id": 39,
        "prev_sii_status_id": 1,
        "sii_status_id": 2
      },
      {
        "id": 11807227,
        "folio": 33475306,
        "dte_type_id": 39,
        "prev_sii_status_id": 1,
        "sii_status_id": 2
      },
      {
        "id": 11807228,
        "folio": 33475307,
        "dte_type_id": 39,
        "prev_sii_status_id": 1,
        "sii_status_id": 2
      },
      {
        "id": 11807229,
        "folio": 33475142,
        "dte_type_id": 39,
        "prev_sii_status_id": 1,
        "sii_status_id": 2
      },
      {
        "id": 11807231,
        "folio": 33475143,
        "dte_type_id": 39,
        "prev_sii_status_id": 1,
        "sii_status_id": 2
      }
    ],
    "has_more": true,
    "lookback_days": 30,
    "elapsed_seconds": 5.5,
    "pending_remaining": 187
  }
}
C:\Users\jesus\AppData\Local\Programs\Python\Python313\Lib\site-packages\requests\__init__.py:113: RequestsDependencyWarning: urllib3 (2.5.0) or chardet (7.4.3)/charset_normalizer (3.4.4) doesn't match a supported version!
  warnings.warn(
[2026-09-01 20:51:02] GET https://intrajisbackend.com/api/dte_sii_status/cron
HTTP 200
{
  "message": {
    "status": "success",
    "mode": "one_by_one",
    "processed": 5,
    "checked": 5,
    "updated": 5,
    "still_pending": 0,
    "rejected_alerts": 0,
    "skipped": 0,
    "errors": [],
    "items": [
      {
        "id": 11807255,
        "folio": 33475310,
        "dte_type_id": 39,
        "prev_sii_status_id": 1,
        "sii_status_id": 2
      },
      {
        "id": 11807257,
        "folio": 33475151,
        "dte_type_id": 39,
        "prev_sii_status_id": 1,
        "sii_status_id": 2
      },
      {
        "id": 11807259,
        "folio": 33475377,
        "dte_type_id": 39,
        "prev_sii_status_id": 1,
        "sii_status_id": 2
      },
      {
        "id": 11807260,
        "folio": 33475378,
        "dte_type_id": 39,
        "prev_sii_status_id": 1,
        "sii_status_id": 2
      },
      {
        "id": 11807264,
        "folio": 33475362,
        "dte_type_id": 39,
        "prev_sii_status_id": 1,
        "sii_status_id": 2
      }
    ],
    "has_more": true,
    "lookback_days": 30,
    "elapsed_seconds": 3.5,
    "pending_remaining": 172
  }
}
C:\Users\jesus\AppData\Local\Programs\Python\Python313\Lib\site-packages\requests\__init__.py:113: RequestsDependencyWarning: urllib3 (2.5.0) or chardet (7.4.3)/charset_normalizer (3.4.4) doesn't match a supported version!
  warnings.warn(
[2026-09-01 21:11:02] GET https://intrajisbackend.com/api/dte_sii_status/cron
HTTP 200
{
  "message": {
    "status": "success",
    "mode": "one_by_one",
    "processed": 5,
    "checked": 5,
    "updated": 5,
    "still_pending": 0,
    "rejected_alerts": 0,
    "skipped": 0,
    "errors": [],
    "items": [
      {
        "id": 11807291,
        "folio": 33475160,
        "dte_type_id": 39,
        "prev_sii_status_id": 1,
        "sii_status_id": 2
      },
      {
        "id": 11807295,
        "folio": 33475161,
        "dte_type_id": 39,
        "prev_sii_status_id": 1,
        "sii_status_id": 2
      },
      {
        "id": 11807299,
        "folio": 33475162,
        "dte_type_id": 39,
        "prev_sii_status_id": 1,
        "sii_status_id": 2
      },
      {
        "id": 11807301,
        "folio": 33475163,
        "dte_type_id": 39,
        "prev_sii_status_id": 1,
        "sii_status_id": 2
      },
      {
        "id": 11807302,
        "folio": 33475312,
        "dte_type_id": 39,
        "prev_sii_status_id": 1,
        "sii_status_id": 2
      }
    ],
    "has_more": true,
    "lookback_days": 30,
    "elapsed_seconds": 3.5,
    "pending_remaining": 157
  }
}
C:\Users\jesus\AppData\Local\Programs\Python\Python313\Lib\site-packages\requests\__init__.py:113: RequestsDependencyWarning: urllib3 (2.5.0) or chardet (7.4.3)/charset_normalizer (3.4.4) doesn't match a supported version!
  warnings.warn(
[2026-09-01 21:31:02] GET https://intrajisbackend.com/api/dte_sii_status/cron
HTTP 200
{
  "message": {
    "status": "success",
    "mode": "one_by_one",
    "processed": 5,
    "checked": 5,
    "updated": 5,
    "still_pending": 0,
    "rejected_alerts": 0,
    "skipped": 0,
    "errors": [],
    "items": [
      {
        "id": 11807321,
        "folio": 33475170,
        "dte_type_id": 39,
        "prev_sii_status_id": 1,
        "sii_status_id": 2
      },
      {
        "id": 11807322,
        "folio": 33475315,
        "dte_type_id": 39,
        "prev_sii_status_id": 1,
        "sii_status_id": 2
      },
      {
        "id": 11807323,
        "folio": 33475171,
        "dte_type_id": 39,
        "prev_sii_status_id": 1,
        "sii_status_id": 2
      },
      {
        "id": 11807324,
        "folio": 33475172,
        "dte_type_id": 39,
        "prev_sii_status_id": 1,
        "sii_status_id": 2
      },
      {
        "id": 11807325,
        "folio": 33475173,
        "dte_type_id": 39,
        "prev_sii_status_id": 1,
        "sii_status_id": 2
      }
    ],
    "has_more": true,
    "lookback_days": 30,
    "elapsed_seconds": 3.6,
    "pending_remaining": 142
  }
}
C:\Users\jesus\AppData\Local\Programs\Python\Python313\Lib\site-packages\requests\__init__.py:113: RequestsDependencyWarning: urllib3 (2.5.0) or chardet (7.4.3)/charset_normalizer (3.4.4) doesn't match a supported version!
  warnings.warn(
[2026-09-01 21:51:02] GET https://intrajisbackend.com/api/dte_sii_status/cron
HTTP 200
{
  "message": {
    "status": "success",
    "mode": "one_by_one",
    "processed": 5,
    "checked": 5,
    "updated": 5,
    "still_pending": 0,
    "rejected_alerts": 0,
    "skipped": 0,
    "errors": [],
    "items": [
      {
        "id": 11807338,
        "folio": 33475184,
        "dte_type_id": 39,
        "prev_sii_status_id": 1,
        "sii_status_id": 2
      },
      {
        "id": 11807344,
        "folio": 33475185,
        "dte_type_id": 39,
        "prev_sii_status_id": 1,
        "sii_status_id": 2
      },
      {
        "id": 11807347,
        "folio": 33475186,
        "dte_type_id": 39,
        "prev_sii_status_id": 1,
        "sii_status_id": 2
      },
      {
        "id": 11807350,
        "folio": 33475316,
        "dte_type_id": 39,
        "prev_sii_status_id": 1,
        "sii_status_id": 2
      },
      {
        "id": 11807351,
        "folio": 33475317,
        "dte_type_id": 39,
        "prev_sii_status_id": 1,
        "sii_status_id": 2
      }
    ],
    "has_more": true,
    "lookback_days": 30,
    "elapsed_seconds": 3.5,
    "pending_remaining": 127
  }
}
C:\Users\jesus\AppData\Local\Programs\Python\Python313\Lib\site-packages\requests\__init__.py:113: RequestsDependencyWarning: urllib3 (2.5.0) or chardet (7.4.3)/charset_normalizer (3.4.4) doesn't match a supported version!
  warnings.warn(
[2026-09-02 07:15:54] GET https://intrajisbackend.com/api/dte_sii_status/cron
HTTP 200
{
  "message": {
    "status": "success",
    "mode": "one_by_one",
    "processed": 0,
    "checked": 0,
    "updated": 0,
    "still_pending": 0,
    "rejected_alerts": 0,
    "skipped": 2,
    "errors": [],
    "items": [],
    "has_more": true,
    "lookback_days": 30,
    "elapsed_seconds": 0.0,
    "pending_remaining": 2
  }
}
C:\Users\jesus\AppData\Local\Programs\Python\Python313\Lib\site-packages\requests\__init__.py:113: RequestsDependencyWarning: urllib3 (2.5.0) or chardet (7.4.3)/charset_normalizer (3.4.4) doesn't match a supported version!
  warnings.warn(
[2026-09-02 07:31:02] GET https://intrajisbackend.com/api/dte_sii_status/cron
HTTP 200
{
  "message": {
    "status": "success",
    "mode": "one_by_one",
    "processed": 0,
    "checked": 0,
    "updated": 0,
    "still_pending": 0,
    "rejected_alerts": 0,
    "skipped": 2,
    "errors": [],
    "items": [],
    "has_more": true,
    "lookback_days": 30,
    "elapsed_seconds": 0.0,
    "pending_remaining": 2
  }
}
[2026-09-02 07:51:03] GET https://intrajisbackend.com/api/dte_sii_status/cron
HTTP 200
{
  "message": {
    "status": "success",
    "mode": "one_by_one",
    "processed": 0,
    "checked": 0,
    "updated": 0,
    "still_pending": 0,
    "rejected_alerts": 0,
    "skipped": 2,
    "errors": [],
    "items": [],
    "has_more": true,
    "lookback_days": 30,
    "elapsed_seconds": 0.0,
    "pending_remaining": 2
  }
}
[2026-09-02 08:11:02] GET https://intrajisbackend.com/api/dte_sii_status/cron
HTTP 200
{
  "message": {
    "status": "success",
    "mode": "one_by_one",
    "processed": 0,
    "checked": 0,
    "updated": 0,
    "still_pending": 0,
    "rejected_alerts": 0,
    "skipped": 2,
    "errors": [],
    "items": [],
    "has_more": true,
    "lookback_days": 30,
    "elapsed_seconds": 0.0,
    "pending_remaining": 2
  }
}
[2026-09-02 08:31:02] GET https://intrajisbackend.com/api/dte_sii_status/cron
HTTP 200
{
  "message": {
    "status": "success",
    "mode": "one_by_one",
    "processed": 0,
    "checked": 0,
    "updated": 0,
    "still_pending": 0,
    "rejected_alerts": 0,
    "skipped": 2,
    "errors": [],
    "items": [],
    "has_more": true,
    "lookback_days": 30,
    "elapsed_seconds": 0.0,
    "pending_remaining": 2
  }
}
[2026-09-02 08:51:02] GET https://intrajisbackend.com/api/dte_sii_status/cron
HTTP 200
{
  "message": {
    "status": "success",
    "mode": "one_by_one",
    "processed": 0,
    "checked": 0,
    "updated": 0,
    "still_pending": 0,
    "rejected_alerts": 0,
    "skipped": 2,
    "errors": [],
    "items": [],
    "has_more": true,
    "lookback_days": 30,
    "elapsed_seconds": 0.0,
    "pending_remaining": 2
  }
}
[2026-09-02 09:11:02] GET https://intrajisbackend.com/api/dte_sii_status/cron
HTTP 200
{
  "message": {
    "status": "success",
    "mode": "one_by_one",
    "processed": 0,
    "checked": 0,
    "updated": 0,
    "still_pending": 0,
    "rejected_alerts": 0,
    "skipped": 2,
    "errors": [],
    "items": [],
    "has_more": true,
    "lookback_days": 30,
    "elapsed_seconds": 0.0,
    "pending_remaining": 2
  }
}
[2026-09-02 09:31:03] GET https://intrajisbackend.com/api/dte_sii_status/cron
HTTP 200
{
  "message": {
    "status": "success",
    "mode": "one_by_one",
    "processed": 0,
    "checked": 0,
    "updated": 0,
    "still_pending": 0,
    "rejected_alerts": 0,
    "skipped": 2,
    "errors": [],
    "items": [],
    "has_more": true,
    "lookback_days": 30,
    "elapsed_seconds": 0.0,
    "pending_remaining": 2
  }
}
[2026-09-02 09:51:02] GET https://intrajisbackend.com/api/dte_sii_status/cron
HTTP 200
{
  "message": {
    "status": "success",
    "mode": "one_by_one",
    "processed": 0,
    "checked": 0,
    "updated": 0,
    "still_pending": 0,
    "rejected_alerts": 0,
    "skipped": 2,
    "errors": [],
    "items": [],
    "has_more": true,
    "lookback_days": 30,
    "elapsed_seconds": 0.0,
    "pending_remaining": 2
  }
}
[2026-09-02 10:11:02] GET https://intrajisbackend.com/api/dte_sii_status/cron
HTTP 200
{
  "message": {
    "status": "success",
    "mode": "one_by_one",
    "processed": 0,
    "checked": 0,
    "updated": 0,
    "still_pending": 0,
    "rejected_alerts": 0,
    "skipped": 2,
    "errors": [],
    "items": [],
    "has_more": true,
    "lookback_days": 30,
    "elapsed_seconds": 0.0,
    "pending_remaining": 2
  }
}
[2026-09-02 10:31:02] GET https://intrajisbackend.com/api/dte_sii_status/cron
HTTP 200
{
  "message": {
    "status": "success",
    "mode": "one_by_one",
    "processed": 0,
    "checked": 0,
    "updated": 0,
    "still_pending": 0,
    "rejected_alerts": 0,
    "skipped": 2,
    "errors": [],
    "items": [],
    "has_more": true,
    "lookback_days": 30,
    "elapsed_seconds": 0.0,
    "pending_remaining": 2
  }
}
[2026-09-02 10:51:02] GET https://intrajisbackend.com/api/dte_sii_status/cron
HTTP 200
{
  "message": {
    "status": "success",
    "mode": "one_by_one",
    "processed": 0,
    "checked": 0,
    "updated": 0,
    "still_pending": 0,
    "rejected_alerts": 0,
    "skipped": 2,
    "errors": [],
    "items": [],
    "has_more": true,
    "lookback_days": 30,
    "elapsed_seconds": 0.0,
    "pending_remaining": 2
  }
}
[2026-09-02 11:11:02] GET https://intrajisbackend.com/api/dte_sii_status/cron
HTTP 200
{
  "message": {
    "status": "success",
    "mode": "one_by_one",
    "processed": 5,
    "checked": 5,
    "updated": 0,
    "still_pending": 5,
    "rejected_alerts": 0,
    "skipped": 0,
    "errors": [],
    "items": [
      {
        "id": 11807009,
        "folio": 33475388,
        "dte_type_id": 39,
        "prev_sii_status_id": 1,
        "sii_status_id": 1
      },
      {
        "id": 11807166,
        "folio": 33475389,
        "dte_type_id": 39,
        "prev_sii_status_id": 1,
        "sii_status_id": 1
      },
      {
        "id": 11807181,
        "folio": 33475390,
        "dte_type_id": 39,
        "prev_sii_status_id": 1,
        "sii_status_id": 1
      },
      {
        "id": 11807182,
        "folio": 33475391,
        "dte_type_id": 39,
        "prev_sii_status_id": 1,
        "sii_status_id": 1
      },
      {
        "id": 11807188,
        "folio": 33475392,
        "dte_type_id": 39,
        "prev_sii_status_id": 1,
        "sii_status_id": 1
      }
    ],
    "has_more": true,
    "lookback_days": 30,
    "elapsed_seconds": 3.4,
    "pending_remaining": 15
  }
}
[2026-09-02 11:31:02] GET https://intrajisbackend.com/api/dte_sii_status/cron
HTTP 200
{
  "message": {
    "status": "success",
    "mode": "one_by_one",
    "processed": 3,
    "checked": 3,
    "updated": 3,
    "still_pending": 0,
    "rejected_alerts": 0,
    "skipped": 2,
    "errors": [],
    "items": [
      {
        "id": 11807489,
        "folio": 33475398,
        "dte_type_id": 39,
        "prev_sii_status_id": 1,
        "sii_status_id": 2
      },
      {
        "id": 11807491,
        "folio": 33475399,
        "dte_type_id": 39,
        "prev_sii_status_id": 1,
        "sii_status_id": 2
      },
      {
        "id": 11809040,
        "folio": 33475400,
        "dte_type_id": 39,
        "prev_sii_status_id": 1,
        "sii_status_id": 2
      }
    ],
    "has_more": true,
    "lookback_days": 30,
    "elapsed_seconds": 5.1,
    "pending_remaining": 2
  }
}
[2026-09-02 11:51:02] GET https://intrajisbackend.com/api/dte_sii_status/cron
HTTP 200
{
  "message": {
    "status": "success",
    "mode": "one_by_one",
    "processed": 5,
    "checked": 5,
    "updated": 5,
    "still_pending": 0,
    "rejected_alerts": 0,
    "skipped": 0,
    "errors": [],
    "items": [
      {
        "id": 11807277,
        "folio": 33475406,
        "dte_type_id": 39,
        "prev_sii_status_id": 1,
        "sii_status_id": 2
      },
      {
        "id": 11807278,
        "folio": 33475407,
        "dte_type_id": 39,
        "prev_sii_status_id": 1,
        "sii_status_id": 2
      },
      {
        "id": 11807279,
        "folio": 33475408,
        "dte_type_id": 39,
        "prev_sii_status_id": 1,
        "sii_status_id": 2
      },
      {
        "id": 11807280,
        "folio": 33475409,
        "dte_type_id": 39,
        "prev_sii_status_id": 1,
        "sii_status_id": 2
      },
      {
        "id": 11807281,
        "folio": 33475410,
        "dte_type_id": 39,
        "prev_sii_status_id": 1,
        "sii_status_id": 2
      }
    ],
    "has_more": true,
    "lookback_days": 30,
    "elapsed_seconds": 3.4,
    "pending_remaining": 31
  }
}
[2026-09-02 12:11:02] GET https://intrajisbackend.com/api/dte_sii_status/cron
HTTP 200
{
  "message": {
    "status": "success",
    "mode": "one_by_one",
    "processed": 5,
    "checked": 5,
    "updated": 5,
    "still_pending": 0,
    "rejected_alerts": 0,
    "skipped": 0,
    "errors": [],
    "items": [
      {
        "id": 11807514,
        "folio": 33475421,
        "dte_type_id": 39,
        "prev_sii_status_id": 1,
        "sii_status_id": 2
      },
      {
        "id": 11807515,
        "folio": 33475422,
        "dte_type_id": 39,
        "prev_sii_status_id": 1,
        "sii_status_id": 2
      },
      {
        "id": 11807524,
        "folio": 33475423,
        "dte_type_id": 39,
        "prev_sii_status_id": 1,
        "sii_status_id": 2
      },
      {
        "id": 11807525,
        "folio": 33475424,
        "dte_type_id": 39,
        "prev_sii_status_id": 1,
        "sii_status_id": 2
      },
      {
        "id": 11807566,
        "folio": 33475425,
        "dte_type_id": 39,
        "prev_sii_status_id": 1,
        "sii_status_id": 2
      }
    ],
    "has_more": true,
    "lookback_days": 30,
    "elapsed_seconds": 3.5,
    "pending_remaining": 16
  }
}
[2026-09-02 12:31:02] GET https://intrajisbackend.com/api/dte_sii_status/cron
HTTP 200
{
  "message": {
    "status": "success",
    "mode": "one_by_one",
    "processed": 5,
    "checked": 5,
    "updated": 0,
    "still_pending": 5,
    "rejected_alerts": 0,
    "skipped": 0,
    "errors": [],
    "items": [
      {
        "id": 11806815,
        "folio": 33475439,
        "dte_type_id": 39,
        "prev_sii_status_id": 1,
        "sii_status_id": 1
      },
      {
        "id": 11806825,
        "folio": 33475440,
        "dte_type_id": 39,
        "prev_sii_status_id": 1,
        "sii_status_id": 1
      },
      {
        "id": 11806919,
        "folio": 33475441,
        "dte_type_id": 39,
        "prev_sii_status_id": 1,
        "sii_status_id": 1
      },
      {
        "id": 11806928,
        "folio": 33475442,
        "dte_type_id": 39,
        "prev_sii_status_id": 1,
        "sii_status_id": 1
      },
      {
        "id": 11806965,
        "folio": 33475443,
        "dte_type_id": 39,
        "prev_sii_status_id": 1,
        "sii_status_id": 1
      }
    ],
    "has_more": true,
    "lookback_days": 30,
    "elapsed_seconds": 6.9,
    "pending_remaining": 24
  }
}
[2026-09-02 12:51:02] GET https://intrajisbackend.com/api/dte_sii_status/cron
HTTP 200
{
  "message": {
    "status": "success",
    "mode": "one_by_one",
    "processed": 5,
    "checked": 5,
    "updated": 1,
    "still_pending": 4,
    "rejected_alerts": 0,
    "skipped": 0,
    "errors": [],
    "items": [
      {
        "id": 11807061,
        "folio": 33475459,
        "dte_type_id": 39,
        "prev_sii_status_id": 1,
        "sii_status_id": 1
      },
      {
        "id": 11807063,
        "folio": 33475452,
        "dte_type_id": 39,
        "prev_sii_status_id": 1,
        "sii_status_id": 2
      },
      {
        "id": 11807093,
        "folio": 33475460,
        "dte_type_id": 39,
        "prev_sii_status_id": 1,
        "sii_status_id": 1
      },
      {
        "id": 11807099,
        "folio": 33475461,
        "dte_type_id": 39,
        "prev_sii_status_id": 1,
        "sii_status_id": 1
      },
      {
        "id": 11807100,
        "folio": 33475462,
        "dte_type_id": 39,
        "prev_sii_status_id": 1,
        "sii_status_id": 1
      }
    ],
    "has_more": true,
    "lookback_days": 30,
    "elapsed_seconds": 4.0,
    "pending_remaining": 27
  }
}
[2026-09-02 13:11:02] GET https://intrajisbackend.com/api/dte_sii_status/cron
HTTP 200
{
  "message": {
    "status": "success",
    "mode": "one_by_one",
    "processed": 5,
    "checked": 5,
    "updated": 5,
    "still_pending": 0,
    "rejected_alerts": 0,
    "skipped": 0,
    "errors": [],
    "items": [
      {
        "id": 11807141,
        "folio": 33475464,
        "dte_type_id": 39,
        "prev_sii_status_id": 1,
        "sii_status_id": 2
      },
      {
        "id": 11807149,
        "folio": 33475453,
        "dte_type_id": 39,
        "prev_sii_status_id": 1,
        "sii_status_id": 2
      },
      {
        "id": 11807179,
        "folio": 33475448,
        "dte_type_id": 39,
        "prev_sii_status_id": 1,
        "sii_status_id": 2
      },
      {
        "id": 11807265,
        "folio": 33475465,
        "dte_type_id": 39,
        "prev_sii_status_id": 1,
        "sii_status_id": 2
      },
      {
        "id": 11807274,
        "folio": 33475466,
        "dte_type_id": 39,
        "prev_sii_status_id": 1,
        "sii_status_id": 2
      }
    ],
    "has_more": true,
    "lookback_days": 30,
    "elapsed_seconds": 3.5,
    "pending_remaining": 28
  }
}
[2026-09-02 13:31:02] GET https://intrajisbackend.com/api/dte_sii_status/cron
HTTP 200
{
  "message": {
    "status": "success",
    "mode": "one_by_one",
    "processed": 5,
    "checked": 5,
    "updated": 5,
    "still_pending": 0,
    "rejected_alerts": 0,
    "skipped": 0,
    "errors": [],
    "items": [
      {
        "id": 11807632,
        "folio": 33475433,
        "dte_type_id": 39,
        "prev_sii_status_id": 1,
        "sii_status_id": 2
      },
      {
        "id": 11807633,
        "folio": 33475434,
        "dte_type_id": 39,
        "prev_sii_status_id": 1,
        "sii_status_id": 2
      },
      {
        "id": 11807636,
        "folio": 33475435,
        "dte_type_id": 39,
        "prev_sii_status_id": 1,
        "sii_status_id": 2
      },
      {
        "id": 11807639,
        "folio": 33475436,
        "dte_type_id": 39,
        "prev_sii_status_id": 1,
        "sii_status_id": 2
      },
      {
        "id": 11807648,
        "folio": 33475437,
        "dte_type_id": 39,
        "prev_sii_status_id": 1,
        "sii_status_id": 2
      }
    ],
    "has_more": true,
    "lookback_days": 30,
    "elapsed_seconds": 7.1,
    "pending_remaining": 13
  }
}
[2026-09-02 13:51:02] GET https://intrajisbackend.com/api/dte_sii_status/cron
HTTP 200
{
  "message": {
    "status": "success",
    "mode": "one_by_one",
    "processed": 0,
    "checked": 0,
    "updated": 0,
    "still_pending": 0,
    "rejected_alerts": 0,
    "skipped": 3,
    "errors": [],
    "items": [],
    "has_more": true,
    "lookback_days": 30,
    "elapsed_seconds": 0.0,
    "pending_remaining": 3
  }
}
[2026-09-02 14:11:02] GET https://intrajisbackend.com/api/dte_sii_status/cron
HTTP 200
{
  "message": {
    "status": "success",
    "mode": "one_by_one",
    "processed": 0,
    "checked": 0,
    "updated": 0,
    "still_pending": 0,
    "rejected_alerts": 0,
    "skipped": 3,
    "errors": [],
    "items": [],
    "has_more": true,
    "lookback_days": 30,
    "elapsed_seconds": 0.0,
    "pending_remaining": 3
  }
}
[2026-09-02 14:31:02] GET https://intrajisbackend.com/api/dte_sii_status/cron
HTTP 200
{
  "message": {
    "status": "success",
    "mode": "one_by_one",
    "processed": 2,
    "checked": 2,
    "updated": 0,
    "still_pending": 2,
    "rejected_alerts": 0,
    "skipped": 3,
    "errors": [],
    "items": [
      {
        "id": 11809048,
        "folio": 33475476,
        "dte_type_id": 39,
        "prev_sii_status_id": 1,
        "sii_status_id": 1
      },
      {
        "id": 11809049,
        "folio": 33475477,
        "dte_type_id": 39,
        "prev_sii_status_id": 1,
        "sii_status_id": 1
      }
    ],
    "has_more": true,
    "lookback_days": 30,
    "elapsed_seconds": 2.4,
    "pending_remaining": 5
  }
}
[2026-09-02 14:51:02] GET https://intrajisbackend.com/api/dte_sii_status/cron
HTTP 200
{
  "message": {
    "status": "success",
    "mode": "one_by_one",
    "processed": 5,
    "checked": 5,
    "updated": 0,
    "still_pending": 5,
    "rejected_alerts": 0,
    "skipped": 0,
    "errors": [],
    "items": [
      {
        "id": 11807420,
        "folio": 33475482,
        "dte_type_id": 39,
        "prev_sii_status_id": 1,
        "sii_status_id": 1
      },
      {
        "id": 11807421,
        "folio": 33475483,
        "dte_type_id": 39,
        "prev_sii_status_id": 1,
        "sii_status_id": 1
      },
      {
        "id": 11807422,
        "folio": 33475484,
        "dte_type_id": 39,
        "prev_sii_status_id": 1,
        "sii_status_id": 1
      },
      {
        "id": 11807423,
        "folio": 33475485,
        "dte_type_id": 39,
        "prev_sii_status_id": 1,
        "sii_status_id": 1
      },
      {
        "id": 11807463,
        "folio": 33475486,
        "dte_type_id": 39,
        "prev_sii_status_id": 1,
        "sii_status_id": 1
      }
    ],
    "has_more": true,
    "lookback_days": 30,
    "elapsed_seconds": 3.4,
    "pending_remaining": 28
  }
}
[2026-09-02 15:11:02] GET https://intrajisbackend.com/api/dte_sii_status/cron
HTTP 200
{
  "message": {
    "status": "success",
    "mode": "one_by_one",
    "processed": 5,
    "checked": 5,
    "updated": 5,
    "still_pending": 0,
    "rejected_alerts": 0,
    "skipped": 0,
    "errors": [],
    "items": [
      {
        "id": 11807486,
        "folio": 33475488,
        "dte_type_id": 39,
        "prev_sii_status_id": 1,
        "sii_status_id": 2
      },
      {
        "id": 11807645,
        "folio": 33475489,
        "dte_type_id": 39,
        "prev_sii_status_id": 1,
        "sii_status_id": 2
      },
      {
        "id": 11807646,
        "folio": 33475490,
        "dte_type_id": 39,
        "prev_sii_status_id": 1,
        "sii_status_id": 2
      },
      {
        "id": 11807707,
        "folio": 33475491,
        "dte_type_id": 39,
        "prev_sii_status_id": 1,
        "sii_status_id": 2
      },
      {
        "id": 11807708,
        "folio": 33475492,
        "dte_type_id": 39,
        "prev_sii_status_id": 1,
        "sii_status_id": 2
      }
    ],
    "has_more": true,
    "lookback_days": 30,
    "elapsed_seconds": 3.5,
    "pending_remaining": 17
  }
}
[2026-09-02 15:31:03] GET https://intrajisbackend.com/api/dte_sii_status/cron
HTTP 200
{
  "message": {
    "status": "success",
    "mode": "one_by_one",
    "processed": 5,
    "checked": 5,
    "updated": 5,
    "still_pending": 0,
    "rejected_alerts": 0,
    "skipped": 0,
    "errors": [],
    "items": [
      {
        "id": 11807793,
        "folio": 33475501,
        "dte_type_id": 39,
        "prev_sii_status_id": 1,
        "sii_status_id": 2
      },
      {
        "id": 11807794,
        "folio": 33475502,
        "dte_type_id": 39,
        "prev_sii_status_id": 1,
        "sii_status_id": 2
      },
      {
        "id": 11807795,
        "folio": 33475503,
        "dte_type_id": 39,
        "prev_sii_status_id": 1,
        "sii_status_id": 2
      },
      {
        "id": 11807796,
        "folio": 33475504,
        "dte_type_id": 39,
        "prev_sii_status_id": 1,
        "sii_status_id": 2
      },
      {
        "id": 11807797,
        "folio": 33475505,
        "dte_type_id": 39,
        "prev_sii_status_id": 1,
        "sii_status_id": 2
      }
    ],
    "has_more": true,
    "lookback_days": 30,
    "elapsed_seconds": 3.7,
    "pending_remaining": 4
  }
}
[2026-09-02 15:51:03] GET https://intrajisbackend.com/api/dte_sii_status/cron
HTTP 200
{
  "message": {
    "status": "success",
    "mode": "one_by_one",
    "processed": 0,
    "checked": 0,
    "updated": 0,
    "still_pending": 0,
    "rejected_alerts": 0,
    "skipped": 3,
    "errors": [],
    "items": [],
    "has_more": true,
    "lookback_days": 30,
    "elapsed_seconds": 0.0,
    "pending_remaining": 3
  }
}
[2026-09-02 16:11:02] GET https://intrajisbackend.com/api/dte_sii_status/cron
HTTP 200
{
  "message": {
    "status": "success",
    "mode": "one_by_one",
    "processed": 0,
    "checked": 0,
    "updated": 0,
    "still_pending": 0,
    "rejected_alerts": 0,
    "skipped": 3,
    "errors": [],
    "items": [],
    "has_more": true,
    "lookback_days": 30,
    "elapsed_seconds": 0.0,
    "pending_remaining": 3
  }
}
[2026-09-02 16:31:02] GET https://intrajisbackend.com/api/dte_sii_status/cron
HTTP 200
{
  "message": {
    "status": "success",
    "mode": "one_by_one",
    "processed": 0,
    "checked": 0,
    "updated": 0,
    "still_pending": 0,
    "rejected_alerts": 0,
    "skipped": 3,
    "errors": [],
    "items": [],
    "has_more": true,
    "lookback_days": 30,
    "elapsed_seconds": 0.0,
    "pending_remaining": 3
  }
}
[2026-09-02 16:51:02] GET https://intrajisbackend.com/api/dte_sii_status/cron
HTTP 200
{
  "message": {
    "status": "success",
    "mode": "one_by_one",
    "processed": 0,
    "checked": 0,
    "updated": 0,
    "still_pending": 0,
    "rejected_alerts": 0,
    "skipped": 3,
    "errors": [],
    "items": [],
    "has_more": true,
    "lookback_days": 30,
    "elapsed_seconds": 0.0,
    "pending_remaining": 3
  }
}
[2026-09-02 17:11:03] GET https://intrajisbackend.com/api/dte_sii_status/cron
HTTP 200
{
  "message": {
    "status": "success",
    "mode": "one_by_one",
    "processed": 5,
    "checked": 5,
    "updated": 0,
    "still_pending": 5,
    "rejected_alerts": 0,
    "skipped": 0,
    "errors": [],
    "items": [
      {
        "id": 11806881,
        "folio": 33475508,
        "dte_type_id": 39,
        "prev_sii_status_id": 1,
        "sii_status_id": 1
      },
      {
        "id": 11806882,
        "folio": 33475509,
        "dte_type_id": 39,
        "prev_sii_status_id": 1,
        "sii_status_id": 1
      },
      {
        "id": 11806883,
        "folio": 33475510,
        "dte_type_id": 39,
        "prev_sii_status_id": 1,
        "sii_status_id": 1
      },
      {
        "id": 11806886,
        "folio": 33475511,
        "dte_type_id": 39,
        "prev_sii_status_id": 1,
        "sii_status_id": 1
      },
      {
        "id": 11807304,
        "folio": 33475512,
        "dte_type_id": 39,
        "prev_sii_status_id": 1,
        "sii_status_id": 1
      }
    ],
    "has_more": true,
    "lookback_days": 30,
    "elapsed_seconds": 3.4,
    "pending_remaining": 21
  }
}
[2026-09-02 17:31:04] GET https://intrajisbackend.com/api/dte_sii_status/cron
HTTP 200
{
  "message": {
    "status": "success",
    "mode": "one_by_one",
    "processed": 5,
    "checked": 5,
    "updated": 5,
    "still_pending": 0,
    "rejected_alerts": 0,
    "skipped": 0,
    "errors": [],
    "items": [
      {
        "id": 11807130,
        "folio": 33475535,
        "dte_type_id": 39,
        "prev_sii_status_id": 1,
        "sii_status_id": 2
      },
      {
        "id": 11807271,
        "folio": 33475536,
        "dte_type_id": 39,
        "prev_sii_status_id": 1,
        "sii_status_id": 2
      },
      {
        "id": 11807304,
        "folio": 33475512,
        "dte_type_id": 39,
        "prev_sii_status_id": 1,
        "sii_status_id": 2
      },
      {
        "id": 11807362,
        "folio": 33475513,
        "dte_type_id": 39,
        "prev_sii_status_id": 1,
        "sii_status_id": 2
      },
      {
        "id": 11807365,
        "folio": 33475537,
        "dte_type_id": 39,
        "prev_sii_status_id": 1,
        "sii_status_id": 2
      }
    ],
    "has_more": true,
    "lookback_days": 30,
    "elapsed_seconds": 5.4,
    "pending_remaining": 40
  }
}
[2026-09-02 17:51:03] GET https://intrajisbackend.com/api/dte_sii_status/cron
HTTP 200
{
  "message": {
    "status": "success",
    "mode": "one_by_one",
    "processed": 5,
    "checked": 5,
    "updated": 5,
    "still_pending": 0,
    "rejected_alerts": 0,
    "skipped": 0,
    "errors": [],
    "items": [
      {
        "id": 11807433,
        "folio": 33475544,
        "dte_type_id": 39,
        "prev_sii_status_id": 1,
        "sii_status_id": 2
      },
      {
        "id": 11807434,
        "folio": 33475545,
        "dte_type_id": 39,
        "prev_sii_status_id": 1,
        "sii_status_id": 2
      },
      {
        "id": 11807435,
        "folio": 33475546,
        "dte_type_id": 39,
        "prev_sii_status_id": 1,
        "sii_status_id": 2
      },
      {
        "id": 11807436,
        "folio": 33475518,
        "dte_type_id": 39,
        "prev_sii_status_id": 1,
        "sii_status_id": 2
      },
      {
        "id": 11807437,
        "folio": 33475519,
        "dte_type_id": 39,
        "prev_sii_status_id": 1,
        "sii_status_id": 2
      }
    ],
    "has_more": true,
    "lookback_days": 30,
    "elapsed_seconds": 3.3,
    "pending_remaining": 27
  }
}
[2026-09-02 18:11:02] GET https://intrajisbackend.com/api/dte_sii_status/cron
HTTP 200
{
  "message": {
    "status": "success",
    "mode": "one_by_one",
    "processed": 5,
    "checked": 5,
    "updated": 5,
    "still_pending": 0,
    "rejected_alerts": 0,
    "skipped": 0,
    "errors": [],
    "items": [
      {
        "id": 11807665,
        "folio": 33475553,
        "dte_type_id": 39,
        "prev_sii_status_id": 1,
        "sii_status_id": 2
      },
      {
        "id": 11807666,
        "folio": 33475554,
        "dte_type_id": 39,
        "prev_sii_status_id": 1,
        "sii_status_id": 2
      },
      {
        "id": 11807667,
        "folio": 33475555,
        "dte_type_id": 39,
        "prev_sii_status_id": 1,
        "sii_status_id": 2
      },
      {
        "id": 11807668,
        "folio": 33475556,
        "dte_type_id": 39,
        "prev_sii_status_id": 1,
        "sii_status_id": 2
      },
      {
        "id": 11807676,
        "folio": 33475559,
        "dte_type_id": 39,
        "prev_sii_status_id": 1,
        "sii_status_id": 2
      }
    ],
    "has_more": true,
    "lookback_days": 30,
    "elapsed_seconds": 3.4,
    "pending_remaining": 12
  }
}
[2026-09-02 18:31:02] GET https://intrajisbackend.com/api/dte_sii_status/cron
HTTP 200
{
  "message": {
    "status": "success",
    "mode": "one_by_one",
    "processed": 0,
    "checked": 0,
    "updated": 0,
    "still_pending": 0,
    "rejected_alerts": 0,
    "skipped": 4,
    "errors": [],
    "items": [],
    "has_more": true,
    "lookback_days": 30,
    "elapsed_seconds": 0.0,
    "pending_remaining": 4
  }
}
[2026-09-02 18:51:01] GET https://intrajisbackend.com/api/dte_sii_status/cron
HTTP 200
{
  "message": {
    "status": "success",
    "mode": "one_by_one",
    "processed": 0,
    "checked": 0,
    "updated": 0,
    "still_pending": 0,
    "rejected_alerts": 0,
    "skipped": 4,
    "errors": [],
    "items": [],
    "has_more": true,
    "lookback_days": 30,
    "elapsed_seconds": 0.0,
    "pending_remaining": 4
  }
}
[2026-09-02 19:11:01] GET https://intrajisbackend.com/api/dte_sii_status/cron
HTTP 200
{
  "message": {
    "status": "success",
    "mode": "one_by_one",
    "processed": 0,
    "checked": 0,
    "updated": 0,
    "still_pending": 0,
    "rejected_alerts": 0,
    "skipped": 4,
    "errors": [],
    "items": [],
    "has_more": true,
    "lookback_days": 30,
    "elapsed_seconds": 0.0,
    "pending_remaining": 4
  }
}
[2026-09-02 19:31:01] GET https://intrajisbackend.com/api/dte_sii_status/cron
HTTP 200
{
  "message": {
    "status": "success",
    "mode": "one_by_one",
    "processed": 0,
    "checked": 0,
    "updated": 0,
    "still_pending": 0,
    "rejected_alerts": 0,
    "skipped": 4,
    "errors": [],
    "items": [],
    "has_more": true,
    "lookback_days": 30,
    "elapsed_seconds": 0.0,
    "pending_remaining": 4
  }
}
[2026-09-02 19:51:01] GET https://intrajisbackend.com/api/dte_sii_status/cron
HTTP 200
{
  "message": {
    "status": "success",
    "mode": "one_by_one",
    "processed": 0,
    "checked": 0,
    "updated": 0,
    "still_pending": 0,
    "rejected_alerts": 0,
    "skipped": 4,
    "errors": [],
    "items": [],
    "has_more": true,
    "lookback_days": 30,
    "elapsed_seconds": 0.0,
    "pending_remaining": 4
  }
}
[2026-09-02 20:11:01] GET https://intrajisbackend.com/api/dte_sii_status/cron
HTTP 200
{
  "message": {
    "status": "success",
    "mode": "one_by_one",
    "processed": 0,
    "checked": 0,
    "updated": 0,
    "still_pending": 0,
    "rejected_alerts": 0,
    "skipped": 4,
    "errors": [],
    "items": [],
    "has_more": true,
    "lookback_days": 30,
    "elapsed_seconds": 0.0,
    "pending_remaining": 4
  }
}
[2026-09-02 20:31:01] GET https://intrajisbackend.com/api/dte_sii_status/cron
HTTP 200
{
  "message": {
    "status": "success",
    "mode": "one_by_one",
    "processed": 0,
    "checked": 0,
    "updated": 0,
    "still_pending": 0,
    "rejected_alerts": 0,
    "skipped": 4,
    "errors": [],
    "items": [],
    "has_more": true,
    "lookback_days": 30,
    "elapsed_seconds": 0.0,
    "pending_remaining": 4
  }
}
[2026-09-02 20:51:01] GET https://intrajisbackend.com/api/dte_sii_status/cron
HTTP 200
{
  "message": {
    "status": "success",
    "mode": "one_by_one",
    "processed": 0,
    "checked": 0,
    "updated": 0,
    "still_pending": 0,
    "rejected_alerts": 0,
    "skipped": 4,
    "errors": [],
    "items": [],
    "has_more": true,
    "lookback_days": 30,
    "elapsed_seconds": 0.0,
    "pending_remaining": 4
  }
}
[2026-09-02 21:11:01] GET https://intrajisbackend.com/api/dte_sii_status/cron
HTTP 200
{
  "message": {
    "status": "success",
    "mode": "one_by_one",
    "processed": 0,
    "checked": 0,
    "updated": 0,
    "still_pending": 0,
    "rejected_alerts": 0,
    "skipped": 4,
    "errors": [],
    "items": [],
    "has_more": true,
    "lookback_days": 30,
    "elapsed_seconds": 0.0,
    "pending_remaining": 4
  }
}
[2026-09-02 21:31:02] GET https://intrajisbackend.com/api/dte_sii_status/cron
HTTP 200
{
  "message": {
    "status": "success",
    "mode": "one_by_one",
    "processed": 0,
    "checked": 0,
    "updated": 0,
    "still_pending": 0,
    "rejected_alerts": 0,
    "skipped": 4,
    "errors": [],
    "items": [],
    "has_more": true,
    "lookback_days": 30,
    "elapsed_seconds": 0.0,
    "pending_remaining": 4
  }
}
[2026-09-02 21:51:02] GET https://intrajisbackend.com/api/dte_sii_status/cron
HTTP 200
{
  "message": {
    "status": "success",
    "mode": "one_by_one",
    "processed": 0,
    "checked": 0,
    "updated": 0,
    "still_pending": 0,
    "rejected_alerts": 0,
    "skipped": 4,
    "errors": [],
    "items": [],
    "has_more": true,
    "lookback_days": 30,
    "elapsed_seconds": 0.0,
    "pending_remaining": 4
  }
}
^C[2026-09-02 22:31:02] GET https://intrajisbackend.com/api/dte_sii_status/cron
HTTP 200
{
  "message": {
    "status": "success",
    "mode": "one_by_one",
    "processed": 0,
    "checked": 0,
    "updated": 0,
    "still_pending": 0,
    "rejected_alerts": 0,
    "skipped": 4,
    "errors": [],
    "items": [],
    "has_more": true,
    "lookback_days": 30,
    "elapsed_seconds": 0.0,
    "pending_remaining": 4
  }
}
[2026-09-02 22:51:02] GET https://intrajisbackend.com/api/dte_sii_status/cron
HTTP 200
{
  "message": {
    "status": "success",
    "mode": "one_by_one",
    "processed": 0,
    "checked": 0,
    "updated": 0,
    "still_pending": 0,
    "rejected_alerts": 0,
    "skipped": 4,
    "errors": [],
    "items": [],
    "has_more": true,
    "lookback_days": 30,
    "elapsed_seconds": 0.0,
    "pending_remaining": 4
  }
}
[2026-09-02 23:11:02] GET https://intrajisbackend.com/api/dte_sii_status/cron
HTTP 200
{
  "message": {
    "status": "success",
    "mode": "one_by_one",
    "processed": 0,
    "checked": 0,
    "updated": 0,
    "still_pending": 0,
    "rejected_alerts": 0,
    "skipped": 4,
    "errors": [],
    "items": [],
    "has_more": true,
    "lookback_days": 30,
    "elapsed_seconds": 0.0,
    "pending_remaining": 4
  }
}
[2026-09-03 19:31:02] GET https://intrajisbackend.com/api/dte_sii_status/cron
HTTP 200
{
  "message": {
    "status": "success",
    "mode": "one_by_one",
    "processed": 0,
    "checked": 0,
    "updated": 0,
    "still_pending": 0,
    "rejected_alerts": 0,
    "skipped": 5,
    "errors": [],
    "items": [],
    "has_more": true,
    "lookback_days": 30,
    "elapsed_seconds": 0.0,
    "pending_remaining": 5
  }
}
[2026-09-03 19:51:02] GET https://intrajisbackend.com/api/dte_sii_status/cron
HTTP 200
{
  "message": {
    "status": "success",
    "mode": "one_by_one",
    "processed": 0,
    "checked": 0,
    "updated": 0,
    "still_pending": 0,
    "rejected_alerts": 0,
    "skipped": 5,
    "errors": [],
    "items": [],
    "has_more": true,
    "lookback_days": 30,
    "elapsed_seconds": 0.0,
    "pending_remaining": 5
  }
}
[2026-09-04 08:02:27] GET https://intrajisbackend.com/api/dte_sii_status/cron
HTTP 200
{
  "message": {
    "status": "success",
    "mode": "one_by_one",
    "processed": 0,
    "checked": 0,
    "updated": 0,
    "still_pending": 0,
    "rejected_alerts": 0,
    "skipped": 5,
    "errors": [],
    "items": [],
    "has_more": true,
    "lookback_days": 30,
    "elapsed_seconds": 0.0,
    "pending_remaining": 5
  }
}
[2026-09-04 08:11:02] GET https://intrajisbackend.com/api/dte_sii_status/cron
HTTP 200
{
  "message": {
    "status": "success",
    "mode": "one_by_one",
    "processed": 0,
    "checked": 0,
    "updated": 0,
    "still_pending": 0,
    "rejected_alerts": 0,
    "skipped": 5,
    "errors": [],
    "items": [],
    "has_more": true,
    "lookback_days": 30,
    "elapsed_seconds": 0.0,
    "pending_remaining": 5
  }
}
[2026-09-04 08:31:02] GET https://intrajisbackend.com/api/dte_sii_status/cron
HTTP 200
{
  "message": {
    "status": "success",
    "mode": "one_by_one",
    "processed": 5,
    "checked": 5,
    "updated": 0,
    "still_pending": 5,
    "rejected_alerts": 0,
    "skipped": 0,
    "errors": [],
    "items": [
      {
        "id": 11807346,
        "folio": 33475760,
        "dte_type_id": 39,
        "prev_sii_status_id": 1,
        "sii_status_id": 1
      },
      {
        "id": 11807439,
        "folio": 33475761,
        "dte_type_id": 39,
        "prev_sii_status_id": 1,
        "sii_status_id": 1
      },
      {
        "id": 11807530,
        "folio": 33475762,
        "dte_type_id": 39,
        "prev_sii_status_id": 1,
        "sii_status_id": 1
      },
      {
        "id": 11807586,
        "folio": 33475763,
        "dte_type_id": 39,
        "prev_sii_status_id": 1,
        "sii_status_id": 1
      },
      {
        "id": 11807669,
        "folio": 33475764,
        "dte_type_id": 39,
        "prev_sii_status_id": 1,
        "sii_status_id": 1
      }
    ],
    "has_more": true,
    "lookback_days": 30,
    "elapsed_seconds": 3.4,
    "pending_remaining": 12
  }
}
[2026-09-04 08:51:02] GET https://intrajisbackend.com/api/dte_sii_status/cron
HTTP 200
{
  "message": {
    "status": "success",
    "mode": "one_by_one",
    "processed": 5,
    "checked": 5,
    "updated": 0,
    "still_pending": 5,
    "rejected_alerts": 0,
    "skipped": 0,
    "errors": [],
    "items": [
      {
        "id": 11807346,
        "folio": 33475760,
        "dte_type_id": 39,
        "prev_sii_status_id": 1,
        "sii_status_id": 1
      },
      {
        "id": 11807439,
        "folio": 33475761,
        "dte_type_id": 39,
        "prev_sii_status_id": 1,
        "sii_status_id": 1
      },
      {
        "id": 11807530,
        "folio": 33475762,
        "dte_type_id": 39,
        "prev_sii_status_id": 1,
        "sii_status_id": 1
      },
      {
        "id": 11807586,
        "folio": 33475763,
        "dte_type_id": 39,
        "prev_sii_status_id": 1,
        "sii_status_id": 1
      },
      {
        "id": 11807669,
        "folio": 33475764,
        "dte_type_id": 39,
        "prev_sii_status_id": 1,
        "sii_status_id": 1
      }
    ],
    "has_more": true,
    "lookback_days": 30,
    "elapsed_seconds": 3.4,
    "pending_remaining": 12
  }
}
[2026-09-04 09:11:02] GET https://intrajisbackend.com/api/dte_sii_status/cron
HTTP 200
{
  "message": {
    "status": "success",
    "mode": "one_by_one",
    "processed": 5,
    "checked": 5,
    "updated": 0,
    "still_pending": 5,
    "rejected_alerts": 0,
    "skipped": 0,
    "errors": [],
    "items": [
      {
        "id": 11807346,
        "folio": 33475760,
        "dte_type_id": 39,
        "prev_sii_status_id": 1,
        "sii_status_id": 1
      },
      {
        "id": 11807439,
        "folio": 33475761,
        "dte_type_id": 39,
        "prev_sii_status_id": 1,
        "sii_status_id": 1
      },
      {
        "id": 11807530,
        "folio": 33475762,
        "dte_type_id": 39,
        "prev_sii_status_id": 1,
        "sii_status_id": 1
      },
      {
        "id": 11807586,
        "folio": 33475763,
        "dte_type_id": 39,
        "prev_sii_status_id": 1,
        "sii_status_id": 1
      },
      {
        "id": 11807669,
        "folio": 33475764,
        "dte_type_id": 39,
        "prev_sii_status_id": 1,
        "sii_status_id": 1
      }
    ],
    "has_more": true,
    "lookback_days": 30,
    "elapsed_seconds": 3.5,
    "pending_remaining": 12
  }
}
[2026-09-04 09:31:02] GET https://intrajisbackend.com/api/dte_sii_status/cron
HTTP 200
{
  "message": {
    "status": "success",
    "mode": "one_by_one",
    "processed": 5,
    "checked": 5,
    "updated": 0,
    "still_pending": 5,
    "rejected_alerts": 0,
    "skipped": 0,
    "errors": [],
    "items": [
      {
        "id": 11807346,
        "folio": 33475760,
        "dte_type_id": 39,
        "prev_sii_status_id": 1,
        "sii_status_id": 1
      },
      {
        "id": 11807439,
        "folio": 33475761,
        "dte_type_id": 39,
        "prev_sii_status_id": 1,
        "sii_status_id": 1
      },
      {
        "id": 11807530,
        "folio": 33475762,
        "dte_type_id": 39,
        "prev_sii_status_id": 1,
        "sii_status_id": 1
      },
      {
        "id": 11807586,
        "folio": 33475763,
        "dte_type_id": 39,
        "prev_sii_status_id": 1,
        "sii_status_id": 1
      },
      {
        "id": 11807669,
        "folio": 33475764,
        "dte_type_id": 39,
        "prev_sii_status_id": 1,
        "sii_status_id": 1
      }
    ],
    "has_more": true,
    "lookback_days": 30,
    "elapsed_seconds": 5.4,
    "pending_remaining": 12
  }
}
^C[2026-09-04 10:11:02] GET https://intrajisbackend.com/api/dte_sii_status/cron
HTTP 200
{
  "message": {
    "status": "success",
    "mode": "one_by_one",
    "processed": 5,
    "checked": 5,
    "updated": 0,
    "still_pending": 5,
    "rejected_alerts": 0,
    "skipped": 0,
    "errors": [],
    "items": [
      {
        "id": 11807346,
        "folio": 33475760,
        "dte_type_id": 39,
        "prev_sii_status_id": 1,
        "sii_status_id": 1
      },
      {
        "id": 11807439,
        "folio": 33475761,
        "dte_type_id": 39,
        "prev_sii_status_id": 1,
        "sii_status_id": 1
      },
      {
        "id": 11807530,
        "folio": 33475762,
        "dte_type_id": 39,
        "prev_sii_status_id": 1,
        "sii_status_id": 1
      },
      {
        "id": 11807586,
        "folio": 33475763,
        "dte_type_id": 39,
        "prev_sii_status_id": 1,
        "sii_status_id": 1
      },
      {
        "id": 11807669,
        "folio": 33475764,
        "dte_type_id": 39,
        "prev_sii_status_id": 1,
        "sii_status_id": 1
      }
    ],
    "has_more": true,
    "lookback_days": 30,
    "elapsed_seconds": 3.5,
    "pending_remaining": 12
  }
}
[2026-09-04 19:29:24] GET https://intrajisbackend.com/api/dte_sii_status/cron
HTTP 200
{
  "message": {
    "status": "success",
    "mode": "one_by_one",
    "processed": 0,
    "checked": 0,
    "updated": 0,
    "still_pending": 0,
    "rejected_alerts": 0,
    "skipped": 6,
    "errors": [],
    "items": [],
    "has_more": true,
    "lookback_days": 30,
    "elapsed_seconds": 0.0,
    "pending_remaining": 6
  }
}
[2026-09-04 19:51:02] GET https://intrajisbackend.com/api/dte_sii_status/cron
HTTP 200
{
  "message": {
    "status": "success",
    "mode": "one_by_one",
    "processed": 0,
    "checked": 0,
    "updated": 0,
    "still_pending": 0,
    "rejected_alerts": 0,
    "skipped": 6,
    "errors": [],
    "items": [],
    "has_more": true,
    "lookback_days": 30,
    "elapsed_seconds": 0.0,
    "pending_remaining": 6
  }
}
[2026-09-04 20:11:04] GET https://intrajisbackend.com/api/dte_sii_status/cron
HTTP 200
{
  "message": {
    "status": "success",
    "mode": "one_by_one",
    "processed": 0,
    "checked": 0,
    "updated": 0,
    "still_pending": 0,
    "rejected_alerts": 0,
    "skipped": 6,
    "errors": [],
    "items": [],
    "has_more": true,
    "lookback_days": 30,
    "elapsed_seconds": 0.0,
    "pending_remaining": 6
  }
}
[2026-09-04 20:31:03] GET https://intrajisbackend.com/api/dte_sii_status/cron
HTTP 200
{
  "message": {
    "status": "success",
    "mode": "one_by_one",
    "processed": 0,
    "checked": 0,
    "updated": 0,
    "still_pending": 0,
    "rejected_alerts": 0,
    "skipped": 6,
    "errors": [],
    "items": [],
    "has_more": true,
    "lookback_days": 30,
    "elapsed_seconds": 0.0,
    "pending_remaining": 6
  }
}
[2026-09-04 20:51:03] GET https://intrajisbackend.com/api/dte_sii_status/cron
HTTP 200
{
  "message": {
    "status": "success",
    "mode": "one_by_one",
    "processed": 0,
    "checked": 0,
    "updated": 0,
    "still_pending": 0,
    "rejected_alerts": 0,
    "skipped": 6,
    "errors": [],
    "items": [],
    "has_more": true,
    "lookback_days": 30,
    "elapsed_seconds": 0.0,
    "pending_remaining": 6
  }
}
[2026-09-04 21:11:03] GET https://intrajisbackend.com/api/dte_sii_status/cron
HTTP 200
{
  "message": {
    "status": "success",
    "mode": "one_by_one",
    "processed": 0,
    "checked": 0,
    "updated": 0,
    "still_pending": 0,
    "rejected_alerts": 0,
    "skipped": 6,
    "errors": [],
    "items": [],
    "has_more": true,
    "lookback_days": 30,
    "elapsed_seconds": 0.0,
    "pending_remaining": 6
  }
}
[2026-09-04 21:31:02] GET https://intrajisbackend.com/api/dte_sii_status/cron
HTTP 200
{
  "message": {
    "status": "success",
    "mode": "one_by_one",
    "processed": 0,
    "checked": 0,
    "updated": 0,
    "still_pending": 0,
    "rejected_alerts": 0,
    "skipped": 6,
    "errors": [],
    "items": [],
    "has_more": true,
    "lookback_days": 30,
    "elapsed_seconds": 0.0,
    "pending_remaining": 6
  }
}
[2026-09-04 21:51:03] GET https://intrajisbackend.com/api/dte_sii_status/cron
HTTP 200
{
  "message": {
    "status": "success",
    "mode": "one_by_one",
    "processed": 0,
    "checked": 0,
    "updated": 0,
    "still_pending": 0,
    "rejected_alerts": 0,
    "skipped": 6,
    "errors": [],
    "items": [],
    "has_more": true,
    "lookback_days": 30,
    "elapsed_seconds": 0.0,
    "pending_remaining": 6
  }
}
[2026-09-04 22:11:04] GET https://intrajisbackend.com/api/dte_sii_status/cron
HTTP 200
{
  "message": {
    "status": "success",
    "mode": "one_by_one",
    "processed": 0,
    "checked": 0,
    "updated": 0,
    "still_pending": 0,
    "rejected_alerts": 0,
    "skipped": 6,
    "errors": [],
    "items": [],
    "has_more": true,
    "lookback_days": 30,
    "elapsed_seconds": 0.0,
    "pending_remaining": 6
  }
}
ERROR de red: HTTPSConnectionPool(host='intrajisbackend.com', port=443): Max retries exceeded with url: /api/dte_sii_status/cron (Caused by ConnectTimeoutError(<urllib3.connection.HTTPSConnection object at 0x00000230214EA510>, 'Connection to intrajisbackend.com timed out. (connect timeout=900)'))
[2026-09-04 22:31:04] GET https://intrajisbackend.com/api/dte_sii_status/cron
[2026-09-04 22:51:04] GET https://intrajisbackend.com/api/dte_sii_status/cron
HTTP 200
{
  "message": {
    "status": "success",
    "mode": "one_by_one",
    "processed": 0,
    "checked": 0,
    "updated": 0,
    "still_pending": 0,
    "rejected_alerts": 0,
    "skipped": 6,
    "errors": [],
    "items": [],
    "has_more": true,
    "lookback_days": 30,
    "elapsed_seconds": 0.0,
    "pending_remaining": 6
  }
}
[2026-09-04 23:11:04] GET https://intrajisbackend.com/api/dte_sii_status/cron
HTTP 200
{
  "message": {
    "status": "success",
    "mode": "one_by_one",
    "processed": 0,
    "checked": 0,
    "updated": 0,
    "still_pending": 0,
    "rejected_alerts": 0,
    "skipped": 6,
    "errors": [],
    "items": [],
    "has_more": true,
    "lookback_days": 30,
    "elapsed_seconds": 0.0,
    "pending_remaining": 6
  }
}
[2026-09-05 14:31:04] GET https://intrajisbackend.com/api/dte_sii_status/cron
HTTP 200
{
  "message": {
    "status": "success",
    "mode": "one_by_one",
    "processed": 0,
    "checked": 0,
    "updated": 0,
    "still_pending": 0,
    "rejected_alerts": 0,
    "skipped": 6,
    "errors": [],
    "items": [],
    "has_more": true,
    "lookback_days": 30,
    "elapsed_seconds": 0.0,
    "pending_remaining": 6
  }
}
^CERROR de red: ('Connection aborted.', ConnectionResetError(10054, 'Se ha forzado la interrupción de una conexión existente por el host remoto', None, 10054, None))
[2026-09-05 15:11:02] GET https://intrajisbackend.com/api/dte_sii_status/cron
[2026-09-05 15:31:02] GET https://intrajisbackend.com/api/dte_sii_status/cron
HTTP 200
{
  "message": {
    "status": "success",
    "mode": "one_by_one",
    "processed": 0,
    "checked": 0,
    "updated": 0,
    "still_pending": 0,
    "rejected_alerts": 0,
    "skipped": 6,
    "errors": [],
    "items": [],
    "has_more": true,
    "lookback_days": 30,
    "elapsed_seconds": 0.0,
    "pending_remaining": 6
  }
}
ERROR de red: ('Connection aborted.', ConnectionResetError(10054, 'Se ha forzado la interrupción de una conexión existente por el host remoto', None, 10054, None))
[2026-09-05 15:51:02] GET https://intrajisbackend.com/api/dte_sii_status/cron
[2026-09-05 16:11:02] GET https://intrajisbackend.com/api/dte_sii_status/cron
HTTP 200
{
  "message": {
    "status": "success",
    "mode": "one_by_one",
    "processed": 0,
    "checked": 0,
    "updated": 0,
    "still_pending": 0,
    "rejected_alerts": 0,
    "skipped": 6,
    "errors": [],
    "items": [],
    "has_more": true,
    "lookback_days": 30,
    "elapsed_seconds": 0.0,
    "pending_remaining": 6
  }
}
[2026-09-05 16:31:02] GET https://intrajisbackend.com/api/dte_sii_status/cron
HTTP 200
{
  "message": {
    "status": "success",
    "mode": "one_by_one",
    "processed": 0,
    "checked": 0,
    "updated": 0,
    "still_pending": 0,
    "rejected_alerts": 0,
    "skipped": 6,
    "errors": [],
    "items": [],
    "has_more": true,
    "lookback_days": 30,
    "elapsed_seconds": 0.0,
    "pending_remaining": 6
  }
}
[2026-09-05 16:51:02] GET https://intrajisbackend.com/api/dte_sii_status/cron
HTTP 200
{
  "message": {
    "status": "success",
    "mode": "one_by_one",
    "processed": 0,
    "checked": 0,
    "updated": 0,
    "still_pending": 0,
    "rejected_alerts": 0,
    "skipped": 6,
    "errors": [],
    "items": [],
    "has_more": true,
    "lookback_days": 30,
    "elapsed_seconds": 0.0,
    "pending_remaining": 6
  }
}
[2026-09-05 17:11:02] GET https://intrajisbackend.com/api/dte_sii_status/cron
HTTP 200
{
  "message": {
    "status": "success",
    "mode": "one_by_one",
    "processed": 0,
    "checked": 0,
    "updated": 0,
    "still_pending": 0,
    "rejected_alerts": 0,
    "skipped": 6,
    "errors": [],
    "items": [],
    "has_more": true,
    "lookback_days": 30,
    "elapsed_seconds": 0.0,
    "pending_remaining": 6
  }
}
[2026-09-05 17:31:02] GET https://intrajisbackend.com/api/dte_sii_status/cron
HTTP 200
{
  "message": {
    "status": "success",
    "mode": "one_by_one",
    "processed": 0,
    "checked": 0,
    "updated": 0,
    "still_pending": 0,
    "rejected_alerts": 0,
    "skipped": 6,
    "errors": [],
    "items": [],
    "has_more": true,
    "lookback_days": 30,
    "elapsed_seconds": 0.0,
    "pending_remaining": 6
  }
}
[2026-09-05 17:51:02] GET https://intrajisbackend.com/api/dte_sii_status/cron
HTTP 200
{
  "message": {
    "status": "success",
    "mode": "one_by_one",
    "processed": 0,
    "checked": 0,
    "updated": 0,
    "still_pending": 0,
    "rejected_alerts": 0,
    "skipped": 6,
    "errors": [],
    "items": [],
    "has_more": true,
    "lookback_days": 30,
    "elapsed_seconds": 0.0,
    "pending_remaining": 6
  }
}
ERROR de red: HTTPSConnectionPool(host='intrajisbackend.com', port=443): Max retries exceeded with url: /api/dte_sii_status/cron (Caused by ConnectTimeoutError(<urllib3.connection.HTTPSConnection object at 0x0000029EDA2AA510>, 'Connection to intrajisbackend.com timed out. (connect timeout=900)'))
[2026-09-05 18:11:02] GET https://intrajisbackend.com/api/dte_sii_status/cron
[2026-09-05 18:51:02] GET https://intrajisbackend.com/api/dte_sii_status/cron
HTTP 200
{
  "message": {
    "status": "success",
    "mode": "one_by_one",
    "processed": 0,
    "checked": 0,
    "updated": 0,
    "still_pending": 0,
    "rejected_alerts": 0,
    "skipped": 6,
    "errors": [],
    "items": [],
    "has_more": true,
    "lookback_days": 30,
    "elapsed_seconds": 0.0,
    "pending_remaining": 6
  }
}
ERROR de red: ('Connection aborted.', ConnectionResetError(10054, 'Se ha forzado la interrupción de una conexión existente por el host remoto', None, 10054, None))
[2026-09-05 19:11:02] GET https://intrajisbackend.com/api/dte_sii_status/cron
[2026-09-05 19:31:02] GET https://intrajisbackend.com/api/dte_sii_status/cron
HTTP 200
{
  "message": {
    "status": "success",
    "mode": "one_by_one",
    "processed": 0,
    "checked": 0,
    "updated": 0,
    "still_pending": 0,
    "rejected_alerts": 0,
    "skipped": 6,
    "errors": [],
    "items": [],
    "has_more": true,
    "lookback_days": 30,
    "elapsed_seconds": 0.0,
    "pending_remaining": 6
  }
}
ERROR de red: HTTPSConnectionPool(host='intrajisbackend.com', port=443): Max retries exceeded with url: /api/dte_sii_status/cron (Caused by ConnectTimeoutError(<urllib3.connection.HTTPSConnection object at 0x0000023DEABBA510>, 'Connection to intrajisbackend.com timed out. (connect timeout=900)'))
[2026-09-05 19:51:02] GET https://intrajisbackend.com/api/dte_sii_status/cron
[2026-09-05 20:11:02] GET https://intrajisbackend.com/api/dte_sii_status/cron
HTTP 200
{
  "message": {
    "status": "success",
    "mode": "one_by_one",
    "processed": 0,
    "checked": 0,
    "updated": 0,
    "still_pending": 0,
    "rejected_alerts": 0,
    "skipped": 6,
    "errors": [],
    "items": [],
    "has_more": true,
    "lookback_days": 30,
    "elapsed_seconds": 0.0,
    "pending_remaining": 6
  }
}
[2026-09-05 20:31:02] GET https://intrajisbackend.com/api/dte_sii_status/cron
HTTP 200
{
  "message": {
    "status": "success",
    "mode": "one_by_one",
    "processed": 0,
    "checked": 0,
    "updated": 0,
    "still_pending": 0,
    "rejected_alerts": 0,
    "skipped": 6,
    "errors": [],
    "items": [],
    "has_more": true,
    "lookback_days": 30,
    "elapsed_seconds": 0.0,
    "pending_remaining": 6
  }
}
ERROR de red: HTTPSConnectionPool(host='intrajisbackend.com', port=443): Max retries exceeded with url: /api/dte_sii_status/cron (Caused by ConnectTimeoutError(<urllib3.connection.HTTPSConnection object at 0x00000268D483A510>, 'Connection to intrajisbackend.com timed out. (connect timeout=900)'))
[2026-09-05 20:51:02] GET https://intrajisbackend.com/api/dte_sii_status/cron
[2026-09-05 21:11:02] GET https://intrajisbackend.com/api/dte_sii_status/cron
HTTP 200
{
  "message": {
    "status": "success",
    "mode": "one_by_one",
    "processed": 0,
    "checked": 0,
    "updated": 0,
    "still_pending": 0,
    "rejected_alerts": 0,
    "skipped": 6,
    "errors": [],
    "items": [],
    "has_more": true,
    "lookback_days": 30,
    "elapsed_seconds": 0.0,
    "pending_remaining": 6
  }
}
ERROR de red: HTTPSConnectionPool(host='intrajisbackend.com', port=443): Max retries exceeded with url: /api/dte_sii_status/cron (Caused by ConnectTimeoutError(<urllib3.connection.HTTPSConnection object at 0x00000248BB2BA510>, 'Connection to intrajisbackend.com timed out. (connect timeout=900)'))
[2026-09-05 21:31:02] GET https://intrajisbackend.com/api/dte_sii_status/cron
[2026-09-05 21:51:02] GET https://intrajisbackend.com/api/dte_sii_status/cron
HTTP 200
{
  "message": {
    "status": "success",
    "mode": "one_by_one",
    "processed": 0,
    "checked": 0,
    "updated": 0,
    "still_pending": 0,
    "rejected_alerts": 0,
    "skipped": 6,
    "errors": [],
    "items": [],
    "has_more": true,
    "lookback_days": 30,
    "elapsed_seconds": 0.0,
    "pending_remaining": 6
  }
}
ERROR de red: HTTPSConnectionPool(host='intrajisbackend.com', port=443): Max retries exceeded with url: /api/dte_sii_status/cron (Caused by ConnectTimeoutError(<urllib3.connection.HTTPSConnection object at 0x00000222514DA510>, 'Connection to intrajisbackend.com timed out. (connect timeout=900)'))
[2026-09-05 22:11:02] GET https://intrajisbackend.com/api/dte_sii_status/cron
ERROR de red: HTTPSConnectionPool(host='intrajisbackend.com', port=443): Max retries exceeded with url: /api/dte_sii_status/cron (Caused by ConnectTimeoutError(<urllib3.connection.HTTPSConnection object at 0x0000021357DBA510>, 'Connection to intrajisbackend.com timed out. (connect timeout=900)'))
[2026-09-05 22:31:02] GET https://intrajisbackend.com/api/dte_sii_status/cron
ERROR de red: HTTPSConnectionPool(host='intrajisbackend.com', port=443): Max retries exceeded with url: /api/dte_sii_status/cron (Caused by ConnectTimeoutError(<urllib3.connection.HTTPSConnection object at 0x000001912B2AA510>, 'Connection to intrajisbackend.com timed out. (connect timeout=900)'))
[2026-09-05 22:51:02] GET https://intrajisbackend.com/api/dte_sii_status/cron
[2026-09-05 23:11:02] GET https://intrajisbackend.com/api/dte_sii_status/cron
HTTP 200
{
  "message": {
    "status": "success",
    "mode": "one_by_one",
    "processed": 0,
    "checked": 0,
    "updated": 0,
    "still_pending": 0,
    "rejected_alerts": 0,
    "skipped": 6,
    "errors": [],
    "items": [],
    "has_more": true,
    "lookback_days": 30,
    "elapsed_seconds": 0.0,
    "pending_remaining": 6
  }
}
ERROR de red: HTTPSConnectionPool(host='intrajisbackend.com', port=443): Max retries exceeded with url: /api/dte_sii_status/cron (Caused by ConnectTimeoutError(<urllib3.connection.HTTPSConnection object at 0x000001CCFBCBA510>, 'Connection to intrajisbackend.com timed out. (connect timeout=900)'))
[2026-09-05 23:31:02] GET https://intrajisbackend.com/api/dte_sii_status/cron
ERROR de red: HTTPSConnectionPool(host='intrajisbackend.com', port=443): Max retries exceeded with url: /api/dte_sii_status/cron (Caused by ConnectTimeoutError(<urllib3.connection.HTTPSConnection object at 0x0000023BFE46A510>, 'Connection to intrajisbackend.com timed out. (connect timeout=900)'))
[2026-09-05 23:51:03] GET https://intrajisbackend.com/api/dte_sii_status/cron
[2026-09-06 01:11:02] GET https://intrajisbackend.com/api/dte_sii_status/cron
HTTP 200
{
  "message": {
    "status": "success",
    "mode": "one_by_one",
    "processed": 0,
    "checked": 0,
    "updated": 0,
    "still_pending": 0,
    "rejected_alerts": 0,
    "skipped": 6,
    "errors": [],
    "items": [],
    "has_more": true,
    "lookback_days": 30,
    "elapsed_seconds": 0.0,
    "pending_remaining": 6
  }
}
ERROR de red: HTTPSConnectionPool(host='intrajisbackend.com', port=443): Max retries exceeded with url: /api/dte_sii_status/cron (Caused by ConnectTimeoutError(<urllib3.connection.HTTPSConnection object at 0x000001B5142EA510>, 'Connection to intrajisbackend.com timed out. (connect timeout=900)'))
[2026-09-06 01:31:02] GET https://intrajisbackend.com/api/dte_sii_status/cron
[2026-09-06 01:51:03] GET https://intrajisbackend.com/api/dte_sii_status/cron
HTTP 200
{
  "message": {
    "status": "success",
    "mode": "one_by_one",
    "processed": 0,
    "checked": 0,
    "updated": 0,
    "still_pending": 0,
    "rejected_alerts": 0,
    "skipped": 6,
    "errors": [],
    "items": [],
    "has_more": true,
    "lookback_days": 30,
    "elapsed_seconds": 0.0,
    "pending_remaining": 6
  }
}
[2026-09-06 02:11:02] GET https://intrajisbackend.com/api/dte_sii_status/cron
HTTP 200
{
  "message": {
    "status": "success",
    "mode": "one_by_one",
    "processed": 0,
    "checked": 0,
    "updated": 0,
    "still_pending": 0,
    "rejected_alerts": 0,
    "skipped": 6,
    "errors": [],
    "items": [],
    "has_more": true,
    "lookback_days": 30,
    "elapsed_seconds": 0.0,
    "pending_remaining": 6
  }
}
ERROR de red: ('Connection aborted.', ConnectionResetError(10054, 'Se ha forzado la interrupción de una conexión existente por el host remoto', None, 10054, None))
[2026-09-06 02:31:01] GET https://intrajisbackend.com/api/dte_sii_status/cron
[2026-09-06 17:31:03] GET https://intrajisbackend.com/api/dte_sii_status/cron
HTTP 200
{
  "message": {
    "status": "success",
    "mode": "one_by_one",
    "processed": 0,
    "checked": 0,
    "updated": 0,
    "still_pending": 0,
    "rejected_alerts": 0,
    "skipped": 6,
    "errors": [],
    "items": [],
    "has_more": true,
    "lookback_days": 30,
    "elapsed_seconds": 0.0,
    "pending_remaining": 6
  }
}
[2026-09-06 17:51:03] GET https://intrajisbackend.com/api/dte_sii_status/cron
HTTP 200
{
  "message": {
    "status": "success",
    "mode": "one_by_one",
    "processed": 0,
    "checked": 0,
    "updated": 0,
    "still_pending": 0,
    "rejected_alerts": 0,
    "skipped": 6,
    "errors": [],
    "items": [],
    "has_more": true,
    "lookback_days": 30,
    "elapsed_seconds": 0.0,
    "pending_remaining": 6
  }
}
[2026-09-06 18:11:03] GET https://intrajisbackend.com/api/dte_sii_status/cron
HTTP 200
{
  "message": {
    "status": "success",
    "mode": "one_by_one",
    "processed": 0,
    "checked": 0,
    "updated": 0,
    "still_pending": 0,
    "rejected_alerts": 0,
    "skipped": 6,
    "errors": [],
    "items": [],
    "has_more": true,
    "lookback_days": 30,
    "elapsed_seconds": 0.0,
    "pending_remaining": 6
  }
}
[2026-09-06 18:31:03] GET https://intrajisbackend.com/api/dte_sii_status/cron
HTTP 200
{
  "message": {
    "status": "success",
    "mode": "one_by_one",
    "processed": 0,
    "checked": 0,
    "updated": 0,
    "still_pending": 0,
    "rejected_alerts": 0,
    "skipped": 6,
    "errors": [],
    "items": [],
    "has_more": true,
    "lookback_days": 30,
    "elapsed_seconds": 0.0,
    "pending_remaining": 6
  }
}
^C[2026-09-06 19:11:02] GET https://intrajisbackend.com/api/dte_sii_status/cron
HTTP 200
{
  "message": {
    "status": "success",
    "mode": "one_by_one",
    "processed": 0,
    "checked": 0,
    "updated": 0,
    "still_pending": 0,
    "rejected_alerts": 0,
    "skipped": 6,
    "errors": [],
    "items": [],
    "has_more": true,
    "lookback_days": 30,
    "elapsed_seconds": 0.0,
    "pending_remaining": 6
  }
}
[2026-09-06 19:31:02] GET https://intrajisbackend.com/api/dte_sii_status/cron
HTTP 200
{
  "message": {
    "status": "success",
    "mode": "one_by_one",
    "processed": 0,
    "checked": 0,
    "updated": 0,
    "still_pending": 0,
    "rejected_alerts": 0,
    "skipped": 6,
    "errors": [],
    "items": [],
    "has_more": true,
    "lookback_days": 30,
    "elapsed_seconds": 0.0,
    "pending_remaining": 6
  }
}
[2026-09-06 19:51:02] GET https://intrajisbackend.com/api/dte_sii_status/cron
HTTP 200
{
  "message": {
    "status": "success",
    "mode": "one_by_one",
    "processed": 0,
    "checked": 0,
    "updated": 0,
    "still_pending": 0,
    "rejected_alerts": 0,
    "skipped": 6,
    "errors": [],
    "items": [],
    "has_more": true,
    "lookback_days": 30,
    "elapsed_seconds": 0.0,
    "pending_remaining": 6
  }
}
[2026-09-06 20:11:02] GET https://intrajisbackend.com/api/dte_sii_status/cron
HTTP 200
{
  "message": {
    "status": "success",
    "mode": "one_by_one",
    "processed": 0,
    "checked": 0,
    "updated": 0,
    "still_pending": 0,
    "rejected_alerts": 0,
    "skipped": 6,
    "errors": [],
    "items": [],
    "has_more": true,
    "lookback_days": 30,
    "elapsed_seconds": 0.0,
    "pending_remaining": 6
  }
}
[2026-09-06 20:31:02] GET https://intrajisbackend.com/api/dte_sii_status/cron
HTTP 200
{
  "message": {
    "status": "success",
    "mode": "one_by_one",
    "processed": 0,
    "checked": 0,
    "updated": 0,
    "still_pending": 0,
    "rejected_alerts": 0,
    "skipped": 6,
    "errors": [],
    "items": [],
    "has_more": true,
    "lookback_days": 30,
    "elapsed_seconds": 0.0,
    "pending_remaining": 6
  }
}
[2026-09-06 20:51:02] GET https://intrajisbackend.com/api/dte_sii_status/cron
HTTP 200
{
  "message": {
    "status": "success",
    "mode": "one_by_one",
    "processed": 0,
    "checked": 0,
    "updated": 0,
    "still_pending": 0,
    "rejected_alerts": 0,
    "skipped": 6,
    "errors": [],
    "items": [],
    "has_more": true,
    "lookback_days": 30,
    "elapsed_seconds": 0.0,
    "pending_remaining": 6
  }
}
[2026-09-06 21:11:04] GET https://intrajisbackend.com/api/dte_sii_status/cron
HTTP 200
{
  "message": {
    "status": "success",
    "mode": "one_by_one",
    "processed": 0,
    "checked": 0,
    "updated": 0,
    "still_pending": 0,
    "rejected_alerts": 0,
    "skipped": 6,
    "errors": [],
    "items": [],
    "has_more": true,
    "lookback_days": 30,
    "elapsed_seconds": 0.0,
    "pending_remaining": 6
  }
}
[2026-09-06 21:31:04] GET https://intrajisbackend.com/api/dte_sii_status/cron
HTTP 200
{
  "message": {
    "status": "success",
    "mode": "one_by_one",
    "processed": 0,
    "checked": 0,
    "updated": 0,
    "still_pending": 0,
    "rejected_alerts": 0,
    "skipped": 6,
    "errors": [],
    "items": [],
    "has_more": true,
    "lookback_days": 30,
    "elapsed_seconds": 0.0,
    "pending_remaining": 6
  }
}
ERROR de red: HTTPSConnectionPool(host='intrajisbackend.com', port=443): Max retries exceeded with url: /api/dte_sii_status/cron (Caused by ConnectTimeoutError(<urllib3.connection.HTTPSConnection object at 0x0000016A8710A510>, 'Connection to intrajisbackend.com timed out. (connect timeout=900)'))
[2026-09-06 21:51:02] GET https://intrajisbackend.com/api/dte_sii_status/cron
[2026-09-06 22:11:02] GET https://intrajisbackend.com/api/dte_sii_status/cron
HTTP 200
{
  "message": {
    "status": "success",
    "mode": "one_by_one",
    "processed": 0,
    "checked": 0,
    "updated": 0,
    "still_pending": 0,
    "rejected_alerts": 0,
    "skipped": 6,
    "errors": [],
    "items": [],
    "has_more": true,
    "lookback_days": 30,
    "elapsed_seconds": 0.0,
    "pending_remaining": 6
  }
}
[2026-09-06 22:31:02] GET https://intrajisbackend.com/api/dte_sii_status/cron
HTTP 200
{
  "message": {
    "status": "success",
    "mode": "one_by_one",
    "processed": 0,
    "checked": 0,
    "updated": 0,
    "still_pending": 0,
    "rejected_alerts": 0,
    "skipped": 6,
    "errors": [],
    "items": [],
    "has_more": true,
    "lookback_days": 30,
    "elapsed_seconds": 0.0,
    "pending_remaining": 6
  }
}
[2026-09-06 22:51:02] GET https://intrajisbackend.com/api/dte_sii_status/cron
HTTP 200
{
  "message": {
    "status": "success",
    "mode": "one_by_one",
    "processed": 0,
    "checked": 0,
    "updated": 0,
    "still_pending": 0,
    "rejected_alerts": 0,
    "skipped": 6,
    "errors": [],
    "items": [],
    "has_more": true,
    "lookback_days": 30,
    "elapsed_seconds": 0.0,
    "pending_remaining": 6
  }
}
[2026-09-06 23:11:02] GET https://intrajisbackend.com/api/dte_sii_status/cron
HTTP 200
{
  "message": {
    "status": "success",
    "mode": "one_by_one",
    "processed": 0,
    "checked": 0,
    "updated": 0,
    "still_pending": 0,
    "rejected_alerts": 0,
    "skipped": 6,
    "errors": [],
    "items": [],
    "has_more": true,
    "lookback_days": 30,
    "elapsed_seconds": 0.0,
    "pending_remaining": 6
  }
}
[2026-09-06 23:31:02] GET https://intrajisbackend.com/api/dte_sii_status/cron
HTTP 200
{
  "message": {
    "status": "success",
    "mode": "one_by_one",
    "processed": 0,
    "checked": 0,
    "updated": 0,
    "still_pending": 0,
    "rejected_alerts": 0,
    "skipped": 6,
    "errors": [],
    "items": [],
    "has_more": true,
    "lookback_days": 30,
    "elapsed_seconds": 0.0,
    "pending_remaining": 6
  }
}
[2026-09-06 23:51:02] GET https://intrajisbackend.com/api/dte_sii_status/cron
HTTP 200
{
  "message": {
    "status": "success",
    "mode": "one_by_one",
    "processed": 0,
    "checked": 0,
    "updated": 0,
    "still_pending": 0,
    "rejected_alerts": 0,
    "skipped": 6,
    "errors": [],
    "items": [],
    "has_more": true,
    "lookback_days": 30,
    "elapsed_seconds": 0.0,
    "pending_remaining": 6
  }
}
[2026-09-07 00:11:02] GET https://intrajisbackend.com/api/dte_sii_status/cron
HTTP 200
{
  "message": {
    "status": "success",
    "mode": "one_by_one",
    "processed": 0,
    "checked": 0,
    "updated": 0,
    "still_pending": 0,
    "rejected_alerts": 0,
    "skipped": 6,
    "errors": [],
    "items": [],
    "has_more": true,
    "lookback_days": 30,
    "elapsed_seconds": 0.0,
    "pending_remaining": 6
  }
}
[2026-09-07 00:31:02] GET https://intrajisbackend.com/api/dte_sii_status/cron
HTTP 200
{
  "message": {
    "status": "success",
    "mode": "one_by_one",
    "processed": 0,
    "checked": 0,
    "updated": 0,
    "still_pending": 0,
    "rejected_alerts": 0,
    "skipped": 6,
    "errors": [],
    "items": [],
    "has_more": true,
    "lookback_days": 30,
    "elapsed_seconds": 0.0,
    "pending_remaining": 6
  }
}
[2026-09-07 07:36:56] GET https://intrajisbackend.com/api/dte_sii_status/cron
HTTP 200
{
  "message": {
    "status": "success",
    "mode": "one_by_one",
    "processed": 0,
    "checked": 0,
    "updated": 0,
    "still_pending": 0,
    "rejected_alerts": 0,
    "skipped": 6,
    "errors": [],
    "items": [],
    "has_more": true,
    "lookback_days": 30,
    "elapsed_seconds": 0.0,
    "pending_remaining": 6
  }
}
[2026-09-07 07:51:02] GET https://intrajisbackend.com/api/dte_sii_status/cron
HTTP 200
{
  "message": {
    "status": "success",
    "mode": "one_by_one",
    "processed": 0,
    "checked": 0,
    "updated": 0,
    "still_pending": 0,
    "rejected_alerts": 0,
    "skipped": 6,
    "errors": [],
    "items": [],
    "has_more": true,
    "lookback_days": 30,
    "elapsed_seconds": 0.0,
    "pending_remaining": 6
  }
}
^C[2026-09-07 08:31:02] GET https://intrajisbackend.com/api/dte_sii_status/cron
HTTP 200
{
  "message": {
    "status": "success",
    "mode": "one_by_one",
    "processed": 0,
    "checked": 0,
    "updated": 0,
    "still_pending": 0,
    "rejected_alerts": 0,
    "skipped": 6,
    "errors": [],
    "items": [],
    "has_more": true,
    "lookback_days": 30,
    "elapsed_seconds": 0.0,
    "pending_remaining": 6
  }
}
[2026-09-07 08:51:02] GET https://intrajisbackend.com/api/dte_sii_status/cron
HTTP 200
{
  "message": {
    "status": "success",
    "mode": "one_by_one",
    "processed": 0,
    "checked": 0,
    "updated": 0,
    "still_pending": 0,
    "rejected_alerts": 0,
    "skipped": 6,
    "errors": [],
    "items": [],
    "has_more": true,
    "lookback_days": 30,
    "elapsed_seconds": 0.0,
    "pending_remaining": 6
  }
}
[2026-09-07 09:11:02] GET https://intrajisbackend.com/api/dte_sii_status/cron
HTTP 200
{
  "message": {
    "status": "success",
    "mode": "one_by_one",
    "processed": 0,
    "checked": 0,
    "updated": 0,
    "still_pending": 0,
    "rejected_alerts": 0,
    "skipped": 6,
    "errors": [],
    "items": [],
    "has_more": true,
    "lookback_days": 30,
    "elapsed_seconds": 0.0,
    "pending_remaining": 6
  }
}
[2026-09-07 09:31:02] GET https://intrajisbackend.com/api/dte_sii_status/cron
HTTP 200
{
  "message": {
    "status": "success",
    "mode": "one_by_one",
    "processed": 0,
    "checked": 0,
    "updated": 0,
    "still_pending": 0,
    "rejected_alerts": 0,
    "skipped": 6,
    "errors": [],
    "items": [],
    "has_more": true,
    "lookback_days": 30,
    "elapsed_seconds": 0.0,
    "pending_remaining": 6
  }
}
[2026-09-07 09:51:02] GET https://intrajisbackend.com/api/dte_sii_status/cron
HTTP 200
{
  "message": {
    "status": "success",
    "mode": "one_by_one",
    "processed": 0,
    "checked": 0,
    "updated": 0,
    "still_pending": 0,
    "rejected_alerts": 0,
    "skipped": 6,
    "errors": [],
    "items": [],
    "has_more": true,
    "lookback_days": 30,
    "elapsed_seconds": 0.0,
    "pending_remaining": 6
  }
}
[2026-09-07 10:11:02] GET https://intrajisbackend.com/api/dte_sii_status/cron
HTTP 200
{
  "message": {
    "status": "success",
    "mode": "one_by_one",
    "processed": 0,
    "checked": 0,
    "updated": 0,
    "still_pending": 0,
    "rejected_alerts": 0,
    "skipped": 6,
    "errors": [],
    "items": [],
    "has_more": true,
    "lookback_days": 30,
    "elapsed_seconds": 0.0,
    "pending_remaining": 6
  }
}
[2026-09-07 10:31:02] GET https://intrajisbackend.com/api/dte_sii_status/cron
HTTP 200
{
  "message": {
    "status": "success",
    "mode": "one_by_one",
    "processed": 0,
    "checked": 0,
    "updated": 0,
    "still_pending": 0,
    "rejected_alerts": 0,
    "skipped": 6,
    "errors": [],
    "items": [],
    "has_more": true,
    "lookback_days": 30,
    "elapsed_seconds": 0.0,
    "pending_remaining": 6
  }
}
[2026-09-07 10:51:02] GET https://intrajisbackend.com/api/dte_sii_status/cron
HTTP 200
{
  "message": {
    "status": "success",
    "mode": "one_by_one",
    "processed": 2,
    "checked": 2,
    "updated": 0,
    "still_pending": 2,
    "rejected_alerts": 0,
    "skipped": 7,
    "errors": [],
    "items": [
      {
        "id": 11807741,
        "folio": 33475792,
        "dte_type_id": 39,
        "prev_sii_status_id": 1,
        "sii_status_id": 1
      },
      {
        "id": 11807790,
        "folio": 33475791,
        "dte_type_id": 39,
        "prev_sii_status_id": 1,
        "sii_status_id": 1
      }
    ],
    "has_more": true,
    "lookback_days": 30,
    "elapsed_seconds": 1.3,
    "pending_remaining": 9
  }
}
[2026-09-07 11:11:02] GET https://intrajisbackend.com/api/dte_sii_status/cron
HTTP 200
{
  "message": {
    "status": "success",
    "mode": "one_by_one",
    "processed": 0,
    "checked": 0,
    "updated": 0,
    "still_pending": 0,
    "rejected_alerts": 0,
    "skipped": 7,
    "errors": [],
    "items": [],
    "has_more": true,
    "lookback_days": 30,
    "elapsed_seconds": 0.0,
    "pending_remaining": 7
  }
}
[2026-09-07 11:31:02] GET https://intrajisbackend.com/api/dte_sii_status/cron
HTTP 200
{
  "message": {
    "status": "success",
    "mode": "one_by_one",
    "processed": 0,
    "checked": 0,
    "updated": 0,
    "still_pending": 0,
    "rejected_alerts": 0,
    "skipped": 7,
    "errors": [],
    "items": [],
    "has_more": true,
    "lookback_days": 30,
    "elapsed_seconds": 0.0,
    "pending_remaining": 7
  }
}
[2026-09-07 11:51:02] GET https://intrajisbackend.com/api/dte_sii_status/cron
HTTP 200
{
  "message": {
    "status": "success",
    "mode": "one_by_one",
    "processed": 0,
    "checked": 0,
    "updated": 0,
    "still_pending": 0,
    "rejected_alerts": 0,
    "skipped": 7,
    "errors": [],
    "items": [],
    "has_more": true,
    "lookback_days": 30,
    "elapsed_seconds": 0.0,
    "pending_remaining": 7
  }
}
[2026-09-07 12:11:02] GET https://intrajisbackend.com/api/dte_sii_status/cron
HTTP 200
{
  "message": {
    "status": "success",
    "mode": "one_by_one",
    "processed": 0,
    "checked": 0,
    "updated": 0,
    "still_pending": 0,
    "rejected_alerts": 0,
    "skipped": 7,
    "errors": [],
    "items": [],
    "has_more": true,
    "lookback_days": 30,
    "elapsed_seconds": 0.0,
    "pending_remaining": 7
  }
}
[2026-09-07 12:31:02] GET https://intrajisbackend.com/api/dte_sii_status/cron
HTTP 200
{
  "message": {
    "status": "success",
    "mode": "one_by_one",
    "processed": 0,
    "checked": 0,
    "updated": 0,
    "still_pending": 0,
    "rejected_alerts": 0,
    "skipped": 7,
    "errors": [],
    "items": [],
    "has_more": true,
    "lookback_days": 30,
    "elapsed_seconds": 0.0,
    "pending_remaining": 7
  }
}
[2026-09-07 12:51:02] GET https://intrajisbackend.com/api/dte_sii_status/cron
HTTP 200
{
  "message": {
    "status": "success",
    "mode": "one_by_one",
    "processed": 0,
    "checked": 0,
    "updated": 0,
    "still_pending": 0,
    "rejected_alerts": 0,
    "skipped": 7,
    "errors": [],
    "items": [],
    "has_more": true,
    "lookback_days": 30,
    "elapsed_seconds": 0.0,
    "pending_remaining": 7
  }
}
[2026-09-07 13:11:02] GET https://intrajisbackend.com/api/dte_sii_status/cron
HTTP 200
{
  "message": {
    "status": "success",
    "mode": "one_by_one",
    "processed": 0,
    "checked": 0,
    "updated": 0,
    "still_pending": 0,
    "rejected_alerts": 0,
    "skipped": 7,
    "errors": [],
    "items": [],
    "has_more": true,
    "lookback_days": 30,
    "elapsed_seconds": 0.0,
    "pending_remaining": 7
  }
}
[2026-09-07 13:31:02] GET https://intrajisbackend.com/api/dte_sii_status/cron
HTTP 200
{
  "message": {
    "status": "success",
    "mode": "one_by_one",
    "processed": 0,
    "checked": 0,
    "updated": 0,
    "still_pending": 0,
    "rejected_alerts": 0,
    "skipped": 7,
    "errors": [],
    "items": [],
    "has_more": true,
    "lookback_days": 30,
    "elapsed_seconds": 0.0,
    "pending_remaining": 7
  }
}
[2026-09-07 13:51:02] GET https://intrajisbackend.com/api/dte_sii_status/cron
HTTP 200
{
  "message": {
    "status": "success",
    "mode": "one_by_one",
    "processed": 0,
    "checked": 0,
    "updated": 0,
    "still_pending": 0,
    "rejected_alerts": 0,
    "skipped": 7,
    "errors": [],
    "items": [],
    "has_more": true,
    "lookback_days": 30,
    "elapsed_seconds": 0.0,
    "pending_remaining": 7
  }
}
[2026-09-07 14:11:02] GET https://intrajisbackend.com/api/dte_sii_status/cron
HTTP 200
{
  "message": {
    "status": "success",
    "mode": "one_by_one",
    "processed": 0,
    "checked": 0,
    "updated": 0,
    "still_pending": 0,
    "rejected_alerts": 0,
    "skipped": 7,
    "errors": [],
    "items": [],
    "has_more": true,
    "lookback_days": 30,
    "elapsed_seconds": 0.0,
    "pending_remaining": 7
  }
}
[2026-09-07 14:31:02] GET https://intrajisbackend.com/api/dte_sii_status/cron
HTTP 200
{
  "message": {
    "status": "success",
    "mode": "one_by_one",
    "processed": 0,
    "checked": 0,
    "updated": 0,
    "still_pending": 0,
    "rejected_alerts": 0,
    "skipped": 7,
    "errors": [],
    "items": [],
    "has_more": true,
    "lookback_days": 30,
    "elapsed_seconds": 0.0,
    "pending_remaining": 7
  }
}
[2026-09-07 14:51:02] GET https://intrajisbackend.com/api/dte_sii_status/cron
HTTP 200
{
  "message": {
    "status": "success",
    "mode": "one_by_one",
    "processed": 0,
    "checked": 0,
    "updated": 0,
    "still_pending": 0,
    "rejected_alerts": 0,
    "skipped": 7,
    "errors": [],
    "items": [],
    "has_more": true,
    "lookback_days": 30,
    "elapsed_seconds": 0.0,
    "pending_remaining": 7
  }
}
[2026-09-07 15:11:02] GET https://intrajisbackend.com/api/dte_sii_status/cron
HTTP 200
{
  "message": {
    "status": "success",
    "mode": "one_by_one",
    "processed": 0,
    "checked": 0,
    "updated": 0,
    "still_pending": 0,
    "rejected_alerts": 0,
    "skipped": 7,
    "errors": [],
    "items": [],
    "has_more": true,
    "lookback_days": 30,
    "elapsed_seconds": 0.0,
    "pending_remaining": 7
  }
}
[2026-09-07 15:31:02] GET https://intrajisbackend.com/api/dte_sii_status/cron
HTTP 200
{
  "message": {
    "status": "success",
    "mode": "one_by_one",
    "processed": 0,
    "checked": 0,
    "updated": 0,
    "still_pending": 0,
    "rejected_alerts": 0,
    "skipped": 7,
    "errors": [],
    "items": [],
    "has_more": true,
    "lookback_days": 30,
    "elapsed_seconds": 0.0,
    "pending_remaining": 7
  }
}
[2026-09-07 15:51:02] GET https://intrajisbackend.com/api/dte_sii_status/cron
HTTP 200
{
  "message": {
    "status": "success",
    "mode": "one_by_one",
    "processed": 0,
    "checked": 0,
    "updated": 0,
    "still_pending": 0,
    "rejected_alerts": 0,
    "skipped": 7,
    "errors": [],
    "items": [],
    "has_more": true,
    "lookback_days": 30,
    "elapsed_seconds": 0.0,
    "pending_remaining": 7
  }
}
[2026-09-07 16:11:02] GET https://intrajisbackend.com/api/dte_sii_status/cron
HTTP 200
{
  "message": {
    "status": "success",
    "mode": "one_by_one",
    "processed": 0,
    "checked": 0,
    "updated": 0,
    "still_pending": 0,
    "rejected_alerts": 0,
    "skipped": 7,
    "errors": [],
    "items": [],
    "has_more": true,
    "lookback_days": 30,
    "elapsed_seconds": 0.0,
    "pending_remaining": 7
  }
}
[2026-09-07 16:31:02] GET https://intrajisbackend.com/api/dte_sii_status/cron
HTTP 200
{
  "message": {
    "status": "success",
    "mode": "one_by_one",
    "processed": 0,
    "checked": 0,
    "updated": 0,
    "still_pending": 0,
    "rejected_alerts": 0,
    "skipped": 7,
    "errors": [],
    "items": [],
    "has_more": true,
    "lookback_days": 30,
    "elapsed_seconds": 0.0,
    "pending_remaining": 7
  }
}
[2026-09-07 16:51:02] GET https://intrajisbackend.com/api/dte_sii_status/cron
HTTP 200
{
  "message": {
    "status": "success",
    "mode": "one_by_one",
    "processed": 0,
    "checked": 0,
    "updated": 0,
    "still_pending": 0,
    "rejected_alerts": 0,
    "skipped": 7,
    "errors": [],
    "items": [],
    "has_more": true,
    "lookback_days": 30,
    "elapsed_seconds": 0.0,
    "pending_remaining": 7
  }
}
[2026-09-07 17:11:02] GET https://intrajisbackend.com/api/dte_sii_status/cron
HTTP 200
{
  "message": {
    "status": "success",
    "mode": "one_by_one",
    "processed": 0,
    "checked": 0,
    "updated": 0,
    "still_pending": 0,
    "rejected_alerts": 0,
    "skipped": 7,
    "errors": [],
    "items": [],
    "has_more": true,
    "lookback_days": 30,
    "elapsed_seconds": 0.0,
    "pending_remaining": 7
  }
}
[2026-09-07 17:31:02] GET https://intrajisbackend.com/api/dte_sii_status/cron
HTTP 200
{
  "message": {
    "status": "success",
    "mode": "one_by_one",
    "processed": 0,
    "checked": 0,
    "updated": 0,
    "still_pending": 0,
    "rejected_alerts": 0,
    "skipped": 7,
    "errors": [],
    "items": [],
    "has_more": true,
    "lookback_days": 30,
    "elapsed_seconds": 0.0,
    "pending_remaining": 7
  }
}
[2026-09-07 17:51:02] GET https://intrajisbackend.com/api/dte_sii_status/cron
HTTP 200
{
  "message": {
    "status": "success",
    "mode": "one_by_one",
    "processed": 0,
    "checked": 0,
    "updated": 0,
    "still_pending": 0,
    "rejected_alerts": 0,
    "skipped": 7,
    "errors": [],
    "items": [],
    "has_more": true,
    "lookback_days": 30,
    "elapsed_seconds": 0.0,
    "pending_remaining": 7
  }
}
[2026-09-07 18:11:02] GET https://intrajisbackend.com/api/dte_sii_status/cron
HTTP 200
{
  "message": {
    "status": "success",
    "mode": "one_by_one",
    "processed": 0,
    "checked": 0,
    "updated": 0,
    "still_pending": 0,
    "rejected_alerts": 0,
    "skipped": 7,
    "errors": [],
    "items": [],
    "has_more": true,
    "lookback_days": 30,
    "elapsed_seconds": 0.0,
    "pending_remaining": 7
  }
}
[2026-09-07 18:31:02] GET https://intrajisbackend.com/api/dte_sii_status/cron
HTTP 200
{
  "message": {
    "status": "success",
    "mode": "one_by_one",
    "processed": 0,
    "checked": 0,
    "updated": 0,
    "still_pending": 0,
    "rejected_alerts": 0,
    "skipped": 7,
    "errors": [],
    "items": [],
    "has_more": true,
    "lookback_days": 30,
    "elapsed_seconds": 0.0,
    "pending_remaining": 7
  }
}
[2026-09-07 18:51:01] GET https://intrajisbackend.com/api/dte_sii_status/cron
HTTP 200
{
  "message": {
    "status": "success",
    "mode": "one_by_one",
    "processed": 0,
    "checked": 0,
    "updated": 0,
    "still_pending": 0,
    "rejected_alerts": 0,
    "skipped": 7,
    "errors": [],
    "items": [],
    "has_more": true,
    "lookback_days": 30,
    "elapsed_seconds": 0.0,
    "pending_remaining": 7
  }
}
[2026-09-07 19:11:01] GET https://intrajisbackend.com/api/dte_sii_status/cron
HTTP 200
{
  "message": {
    "status": "success",
    "mode": "one_by_one",
    "processed": 0,
    "checked": 0,
    "updated": 0,
    "still_pending": 0,
    "rejected_alerts": 0,
    "skipped": 7,
    "errors": [],
    "items": [],
    "has_more": true,
    "lookback_days": 30,
    "elapsed_seconds": 0.0,
    "pending_remaining": 7
  }
}
[2026-09-07 19:31:01] GET https://intrajisbackend.com/api/dte_sii_status/cron
HTTP 200
{
  "message": {
    "status": "success",
    "mode": "one_by_one",
    "processed": 0,
    "checked": 0,
    "updated": 0,
    "still_pending": 0,
    "rejected_alerts": 0,
    "skipped": 7,
    "errors": [],
    "items": [],
    "has_more": true,
    "lookback_days": 30,
    "elapsed_seconds": 0.0,
    "pending_remaining": 7
  }
}
ERROR de red: HTTPSConnectionPool(host='intrajisbackend.com', port=443): Max retries exceeded with url: /api/dte_sii_status/cron (Caused by ConnectTimeoutError(<urllib3.connection.HTTPSConnection object at 0x000001CEFFCCA510>, 'Connection to intrajisbackend.com timed out. (connect timeout=900)'))
[2026-09-07 19:51:01] GET https://intrajisbackend.com/api/dte_sii_status/cron
[2026-09-07 20:11:01] GET https://intrajisbackend.com/api/dte_sii_status/cron
HTTP 200
{
  "message": {
    "status": "success",
    "mode": "one_by_one",
    "processed": 0,
    "checked": 0,
    "updated": 0,
    "still_pending": 0,
    "rejected_alerts": 0,
    "skipped": 7,
    "errors": [],
    "items": [],
    "has_more": true,
    "lookback_days": 30,
    "elapsed_seconds": 0.0,
    "pending_remaining": 7
  }
}
[2026-09-07 20:31:01] GET https://intrajisbackend.com/api/dte_sii_status/cron
HTTP 200
{
  "message": {
    "status": "success",
    "mode": "one_by_one",
    "processed": 0,
    "checked": 0,
    "updated": 0,
    "still_pending": 0,
    "rejected_alerts": 0,
    "skipped": 7,
    "errors": [],
    "items": [],
    "has_more": true,
    "lookback_days": 30,
    "elapsed_seconds": 0.0,
    "pending_remaining": 7
  }
}
[2026-09-07 20:51:01] GET https://intrajisbackend.com/api/dte_sii_status/cron
HTTP 200
{
  "message": {
    "status": "success",
    "mode": "one_by_one",
    "processed": 0,
    "checked": 0,
    "updated": 0,
    "still_pending": 0,
    "rejected_alerts": 0,
    "skipped": 7,
    "errors": [],
    "items": [],
    "has_more": true,
    "lookback_days": 30,
    "elapsed_seconds": 0.0,
    "pending_remaining": 7
  }
}
[2026-09-07 21:11:01] GET https://intrajisbackend.com/api/dte_sii_status/cron
HTTP 200
{
  "message": {
    "status": "success",
    "mode": "one_by_one",
    "processed": 0,
    "checked": 0,
    "updated": 0,
    "still_pending": 0,
    "rejected_alerts": 0,
    "skipped": 7,
    "errors": [],
    "items": [],
    "has_more": true,
    "lookback_days": 30,
    "elapsed_seconds": 0.0,
    "pending_remaining": 7
  }
}
[2026-09-07 21:31:01] GET https://intrajisbackend.com/api/dte_sii_status/cron
HTTP 200
{
  "message": {
    "status": "success",
    "mode": "one_by_one",
    "processed": 0,
    "checked": 0,
    "updated": 0,
    "still_pending": 0,
    "rejected_alerts": 0,
    "skipped": 7,
    "errors": [],
    "items": [],
    "has_more": true,
    "lookback_days": 30,
    "elapsed_seconds": 0.0,
    "pending_remaining": 7
  }
}
[2026-09-07 21:51:02] GET https://intrajisbackend.com/api/dte_sii_status/cron
HTTP 200
{
  "message": {
    "status": "success",
    "mode": "one_by_one",
    "processed": 0,
    "checked": 0,
    "updated": 0,
    "still_pending": 0,
    "rejected_alerts": 0,
    "skipped": 7,
    "errors": [],
    "items": [],
    "has_more": true,
    "lookback_days": 30,
    "elapsed_seconds": 0.0,
    "pending_remaining": 7
  }
}
^C[2026-09-07 22:31:01] GET https://intrajisbackend.com/api/dte_sii_status/cron
HTTP 200
{
  "message": {
    "status": "success",
    "mode": "one_by_one",
    "processed": 0,
    "checked": 0,
    "updated": 0,
    "still_pending": 0,
    "rejected_alerts": 0,
    "skipped": 7,
    "errors": [],
    "items": [],
    "has_more": true,
    "lookback_days": 30,
    "elapsed_seconds": 0.0,
    "pending_remaining": 7
  }
}
[2026-09-07 22:51:02] GET https://intrajisbackend.com/api/dte_sii_status/cron
HTTP 200
{
  "message": {
    "status": "success",
    "mode": "one_by_one",
    "processed": 0,
    "checked": 0,
    "updated": 0,
    "still_pending": 0,
    "rejected_alerts": 0,
    "skipped": 7,
    "errors": [],
    "items": [],
    "has_more": true,
    "lookback_days": 30,
    "elapsed_seconds": 0.0,
    "pending_remaining": 7
  }
}
[2026-09-07 23:11:03] GET https://intrajisbackend.com/api/dte_sii_status/cron
HTTP 200
{
  "message": {
    "status": "success",
    "mode": "one_by_one",
    "processed": 0,
    "checked": 0,
    "updated": 0,
    "still_pending": 0,
    "rejected_alerts": 0,
    "skipped": 7,
    "errors": [],
    "items": [],
    "has_more": true,
    "lookback_days": 30,
    "elapsed_seconds": 0.0,
    "pending_remaining": 7
  }
}
[2026-09-07 23:31:02] GET https://intrajisbackend.com/api/dte_sii_status/cron
HTTP 200
{
  "message": {
    "status": "success",
    "mode": "one_by_one",
    "processed": 0,
    "checked": 0,
    "updated": 0,
    "still_pending": 0,
    "rejected_alerts": 0,
    "skipped": 7,
    "errors": [],
    "items": [],
    "has_more": true,
    "lookback_days": 30,
    "elapsed_seconds": 0.0,
    "pending_remaining": 7
  }
}
[2026-09-07 23:51:01] GET https://intrajisbackend.com/api/dte_sii_status/cron
HTTP 200
{
  "message": {
    "status": "success",
    "mode": "one_by_one",
    "processed": 0,
    "checked": 0,
    "updated": 0,
    "still_pending": 0,
    "rejected_alerts": 0,
    "skipped": 7,
    "errors": [],
    "items": [],
    "has_more": true,
    "lookback_days": 30,
    "elapsed_seconds": 0.0,
    "pending_remaining": 7
  }
}
[2026-09-08 00:11:02] GET https://intrajisbackend.com/api/dte_sii_status/cron
HTTP 200
{
  "message": {
    "status": "success",
    "mode": "one_by_one",
    "processed": 0,
    "checked": 0,
    "updated": 0,
    "still_pending": 0,
    "rejected_alerts": 0,
    "skipped": 7,
    "errors": [],
    "items": [],
    "has_more": true,
    "lookback_days": 30,
    "elapsed_seconds": 0.0,
    "pending_remaining": 7
  }
}
[2026-09-08 00:31:02] GET https://intrajisbackend.com/api/dte_sii_status/cron
HTTP 200
{
  "message": {
    "status": "success",
    "mode": "one_by_one",
    "processed": 0,
    "checked": 0,
    "updated": 0,
    "still_pending": 0,
    "rejected_alerts": 0,
    "skipped": 7,
    "errors": [],
    "items": [],
    "has_more": true,
    "lookback_days": 30,
    "elapsed_seconds": 0.0,
    "pending_remaining": 7
  }
}
[2026-09-08 09:52:56] GET https://intrajisbackend.com/api/dte_sii_status/cron
HTTP 200
{
  "message": {
    "status": "success",
    "mode": "one_by_one",
    "processed": 0,
    "checked": 0,
    "updated": 0,
    "still_pending": 0,
    "rejected_alerts": 0,
    "skipped": 7,
    "errors": [],
    "items": [],
    "has_more": true,
    "lookback_days": 30,
    "elapsed_seconds": 0.0,
    "pending_remaining": 7
  }
}
[2026-09-08 10:11:03] GET https://intrajisbackend.com/api/dte_sii_status/cron
HTTP 200
{
  "message": {
    "status": "success",
    "mode": "one_by_one",
    "processed": 0,
    "checked": 0,
    "updated": 0,
    "still_pending": 0,
    "rejected_alerts": 0,
    "skipped": 7,
    "errors": [],
    "items": [],
    "has_more": true,
    "lookback_days": 30,
    "elapsed_seconds": 0.0,
    "pending_remaining": 7
  }
}
[2026-09-08 10:31:02] GET https://intrajisbackend.com/api/dte_sii_status/cron
HTTP 200
{
  "message": {
    "status": "success",
    "mode": "one_by_one",
    "processed": 0,
    "checked": 0,
    "updated": 0,
    "still_pending": 0,
    "rejected_alerts": 0,
    "skipped": 7,
    "errors": [],
    "items": [],
    "has_more": true,
    "lookback_days": 30,
    "elapsed_seconds": 0.0,
    "pending_remaining": 7
  }
}
[2026-09-08 10:51:02] GET https://intrajisbackend.com/api/dte_sii_status/cron
HTTP 200
{
  "message": {
    "status": "success",
    "mode": "one_by_one",
    "processed": 0,
    "checked": 0,
    "updated": 0,
    "still_pending": 0,
    "rejected_alerts": 0,
    "skipped": 7,
    "errors": [],
    "items": [],
    "has_more": true,
    "lookback_days": 30,
    "elapsed_seconds": 0.0,
    "pending_remaining": 7
  }
}
^C^C[2026-09-08 13:11:02] GET https://intrajisbackend.com/api/dte_sii_status/cron
HTTP 200
{
  "message": {
    "status": "success",
    "mode": "one_by_one",
    "processed": 0,
    "checked": 0,
    "updated": 0,
    "still_pending": 0,
    "rejected_alerts": 0,
    "skipped": 8,
    "errors": [],
    "items": [],
    "has_more": true,
    "lookback_days": 30,
    "elapsed_seconds": 0.0,
    "pending_remaining": 8
  }
}
[2026-09-08 13:31:02] GET https://intrajisbackend.com/api/dte_sii_status/cron
HTTP 200
{
  "message": {
    "status": "success",
    "mode": "one_by_one",
    "processed": 0,
    "checked": 0,
    "updated": 0,
    "still_pending": 0,
    "rejected_alerts": 0,
    "skipped": 8,
    "errors": [],
    "items": [],
    "has_more": true,
    "lookback_days": 30,
    "elapsed_seconds": 0.0,
    "pending_remaining": 8
  }
}
[2026-09-08 13:51:02] GET https://intrajisbackend.com/api/dte_sii_status/cron
HTTP 200
{
  "message": {
    "status": "success",
    "mode": "one_by_one",
    "processed": 0,
    "checked": 0,
    "updated": 0,
    "still_pending": 0,
    "rejected_alerts": 0,
    "skipped": 8,
    "errors": [],
    "items": [],
    "has_more": true,
    "lookback_days": 30,
    "elapsed_seconds": 0.0,
    "pending_remaining": 8
  }
}
^C^C[2026-09-08 14:51:02] GET https://intrajisbackend.com/api/dte_sii_status/cron
HTTP 200
{
  "message": {
    "status": "success",
    "mode": "one_by_one",
    "processed": 0,
    "checked": 0,
    "updated": 0,
    "still_pending": 0,
    "rejected_alerts": 0,
    "skipped": 8,
    "errors": [],
    "items": [],
    "has_more": true,
    "lookback_days": 30,
    "elapsed_seconds": 0.0,
    "pending_remaining": 8
  }
}
[2026-09-08 15:11:02] GET https://intrajisbackend.com/api/dte_sii_status/cron
HTTP 200
{
  "message": {
    "status": "success",
    "mode": "one_by_one",
    "processed": 0,
    "checked": 0,
    "updated": 0,
    "still_pending": 0,
    "rejected_alerts": 0,
    "skipped": 8,
    "errors": [],
    "items": [],
    "has_more": true,
    "lookback_days": 30,
    "elapsed_seconds": 0.0,
    "pending_remaining": 8
  }
}
[2026-09-08 15:31:02] GET https://intrajisbackend.com/api/dte_sii_status/cron
HTTP 200
{
  "message": {
    "status": "success",
    "mode": "one_by_one",
    "processed": 0,
    "checked": 0,
    "updated": 0,
    "still_pending": 0,
    "rejected_alerts": 0,
    "skipped": 8,
    "errors": [],
    "items": [],
    "has_more": true,
    "lookback_days": 30,
    "elapsed_seconds": 0.0,
    "pending_remaining": 8
  }
}
[2026-09-08 15:51:02] GET https://intrajisbackend.com/api/dte_sii_status/cron
HTTP 200
{
  "message": {
    "status": "success",
    "mode": "one_by_one",
    "processed": 0,
    "checked": 0,
    "updated": 0,
    "still_pending": 0,
    "rejected_alerts": 0,
    "skipped": 8,
    "errors": [],
    "items": [],
    "has_more": true,
    "lookback_days": 30,
    "elapsed_seconds": 0.0,
    "pending_remaining": 8
  }
}
[2026-09-08 16:11:02] GET https://intrajisbackend.com/api/dte_sii_status/cron
HTTP 200
{
  "message": {
    "status": "success",
    "mode": "one_by_one",
    "processed": 0,
    "checked": 0,
    "updated": 0,
    "still_pending": 0,
    "rejected_alerts": 0,
    "skipped": 8,
    "errors": [],
    "items": [],
    "has_more": true,
    "lookback_days": 30,
    "elapsed_seconds": 0.0,
    "pending_remaining": 8
  }
}
[2026-09-08 16:31:02] GET https://intrajisbackend.com/api/dte_sii_status/cron
HTTP 200
{
  "message": {
    "status": "success",
    "mode": "one_by_one",
    "processed": 0,
    "checked": 0,
    "updated": 0,
    "still_pending": 0,
    "rejected_alerts": 0,
    "skipped": 8,
    "errors": [],
    "items": [],
    "has_more": true,
    "lookback_days": 30,
    "elapsed_seconds": 0.0,
    "pending_remaining": 8
  }
}
[2026-09-08 16:51:02] GET https://intrajisbackend.com/api/dte_sii_status/cron
HTTP 200
{
  "message": {
    "status": "success",
    "mode": "one_by_one",
    "processed": 0,
    "checked": 0,
    "updated": 0,
    "still_pending": 0,
    "rejected_alerts": 0,
    "skipped": 8,
    "errors": [],
    "items": [],
    "has_more": true,
    "lookback_days": 30,
    "elapsed_seconds": 0.0,
    "pending_remaining": 8
  }
}
^C[2026-09-08 17:31:02] GET https://intrajisbackend.com/api/dte_sii_status/cron
HTTP 200
{
  "message": {
    "status": "success",
    "mode": "one_by_one",
    "processed": 0,
    "checked": 0,
    "updated": 0,
    "still_pending": 0,
    "rejected_alerts": 0,
    "skipped": 8,
    "errors": [],
    "items": [],
    "has_more": true,
    "lookback_days": 30,
    "elapsed_seconds": 0.0,
    "pending_remaining": 8
  }
}
[2026-09-08 17:51:02] GET https://intrajisbackend.com/api/dte_sii_status/cron
HTTP 200
{
  "message": {
    "status": "success",
    "mode": "one_by_one",
    "processed": 0,
    "checked": 0,
    "updated": 0,
    "still_pending": 0,
    "rejected_alerts": 0,
    "skipped": 8,
    "errors": [],
    "items": [],
    "has_more": true,
    "lookback_days": 30,
    "elapsed_seconds": 0.0,
    "pending_remaining": 8
  }
}
[2026-09-08 18:11:02] GET https://intrajisbackend.com/api/dte_sii_status/cron
HTTP 200
{
  "message": {
    "status": "success",
    "mode": "one_by_one",
    "processed": 0,
    "checked": 0,
    "updated": 0,
    "still_pending": 0,
    "rejected_alerts": 0,
    "skipped": 8,
    "errors": [],
    "items": [],
    "has_more": true,
    "lookback_days": 30,
    "elapsed_seconds": 0.0,
    "pending_remaining": 8
  }
}
[2026-09-08 18:31:02] GET https://intrajisbackend.com/api/dte_sii_status/cron
HTTP 200
{
  "message": {
    "status": "success",
    "mode": "one_by_one",
    "processed": 0,
    "checked": 0,
    "updated": 0,
    "still_pending": 0,
    "rejected_alerts": 0,
    "skipped": 8,
    "errors": [],
    "items": [],
    "has_more": true,
    "lookback_days": 30,
    "elapsed_seconds": 0.0,
    "pending_remaining": 8
  }
}
[2026-09-08 18:51:02] GET https://intrajisbackend.com/api/dte_sii_status/cron
HTTP 200
{
  "message": {
    "status": "success",
    "mode": "one_by_one",
    "processed": 0,
    "checked": 0,
    "updated": 0,
    "still_pending": 0,
    "rejected_alerts": 0,
    "skipped": 8,
    "errors": [],
    "items": [],
    "has_more": true,
    "lookback_days": 30,
    "elapsed_seconds": 0.0,
    "pending_remaining": 8
  }
}
[2026-09-08 19:11:02] GET https://intrajisbackend.com/api/dte_sii_status/cron
HTTP 200
{
  "message": {
    "status": "success",
    "mode": "one_by_one",
    "processed": 0,
    "checked": 0,
    "updated": 0,
    "still_pending": 0,
    "rejected_alerts": 0,
    "skipped": 8,
    "errors": [],
    "items": [],
    "has_more": true,
    "lookback_days": 30,
    "elapsed_seconds": 0.0,
    "pending_remaining": 8
  }
}
[2026-09-08 19:31:02] GET https://intrajisbackend.com/api/dte_sii_status/cron
HTTP 200
{
  "message": {
    "status": "success",
    "mode": "one_by_one",
    "processed": 0,
    "checked": 0,
    "updated": 0,
    "still_pending": 0,
    "rejected_alerts": 0,
    "skipped": 8,
    "errors": [],
    "items": [],
    "has_more": true,
    "lookback_days": 30,
    "elapsed_seconds": 0.0,
    "pending_remaining": 8
  }
}
^C[2026-09-08 20:11:02] GET https://intrajisbackend.com/api/dte_sii_status/cron
HTTP 200
{
  "message": {
    "status": "success",
    "mode": "one_by_one",
    "processed": 0,
    "checked": 0,
    "updated": 0,
    "still_pending": 0,
    "rejected_alerts": 0,
    "skipped": 8,
    "errors": [],
    "items": [],
    "has_more": true,
    "lookback_days": 30,
    "elapsed_seconds": 0.0,
    "pending_remaining": 8
  }
}
[2026-09-08 20:31:02] GET https://intrajisbackend.com/api/dte_sii_status/cron
HTTP 200
{
  "message": {
    "status": "success",
    "mode": "one_by_one",
    "processed": 0,
    "checked": 0,
    "updated": 0,
    "still_pending": 0,
    "rejected_alerts": 0,
    "skipped": 8,
    "errors": [],
    "items": [],
    "has_more": true,
    "lookback_days": 30,
    "elapsed_seconds": 0.0,
    "pending_remaining": 8
  }
}
^C[2026-09-08 21:11:03] GET https://intrajisbackend.com/api/dte_sii_status/cron
HTTP 200
{
  "message": {
    "status": "success",
    "mode": "one_by_one",
    "processed": 0,
    "checked": 0,
    "updated": 0,
    "still_pending": 0,
    "rejected_alerts": 0,
    "skipped": 8,
    "errors": [],
    "items": [],
    "has_more": true,
    "lookback_days": 30,
    "elapsed_seconds": 0.0,
    "pending_remaining": 8
  }
}
[2026-09-08 21:31:02] GET https://intrajisbackend.com/api/dte_sii_status/cron
HTTP 200
{
  "message": {
    "status": "success",
    "mode": "one_by_one",
    "processed": 0,
    "checked": 0,
    "updated": 0,
    "still_pending": 0,
    "rejected_alerts": 0,
    "skipped": 8,
    "errors": [],
    "items": [],
    "has_more": true,
    "lookback_days": 30,
    "elapsed_seconds": 0.0,
    "pending_remaining": 8
  }
}
[2026-09-08 21:51:03] GET https://intrajisbackend.com/api/dte_sii_status/cron
HTTP 200
{
  "message": {
    "status": "success",
    "mode": "one_by_one",
    "processed": 0,
    "checked": 0,
    "updated": 0,
    "still_pending": 0,
    "rejected_alerts": 0,
    "skipped": 8,
    "errors": [],
    "items": [],
    "has_more": true,
    "lookback_days": 30,
    "elapsed_seconds": 0.0,
    "pending_remaining": 8
  }
}
[2026-09-08 22:11:03] GET https://intrajisbackend.com/api/dte_sii_status/cron
HTTP 200
{
  "message": {
    "status": "success",
    "mode": "one_by_one",
    "processed": 0,
    "checked": 0,
    "updated": 0,
    "still_pending": 0,
    "rejected_alerts": 0,
    "skipped": 8,
    "errors": [],
    "items": [],
    "has_more": true,
    "lookback_days": 30,
    "elapsed_seconds": 0.0,
    "pending_remaining": 8
  }
}
[2026-09-08 22:31:03] GET https://intrajisbackend.com/api/dte_sii_status/cron
HTTP 200
{
  "message": {
    "status": "success",
    "mode": "one_by_one",
    "processed": 0,
    "checked": 0,
    "updated": 0,
    "still_pending": 0,
    "rejected_alerts": 0,
    "skipped": 8,
    "errors": [],
    "items": [],
    "has_more": true,
    "lookback_days": 30,
    "elapsed_seconds": 0.0,
    "pending_remaining": 8
  }
}
[2026-09-08 22:51:02] GET https://intrajisbackend.com/api/dte_sii_status/cron
HTTP 200
{
  "message": {
    "status": "success",
    "mode": "one_by_one",
    "processed": 0,
    "checked": 0,
    "updated": 0,
    "still_pending": 0,
    "rejected_alerts": 0,
    "skipped": 8,
    "errors": [],
    "items": [],
    "has_more": true,
    "lookback_days": 30,
    "elapsed_seconds": 0.0,
    "pending_remaining": 8
  }
}
[2026-09-08 23:11:03] GET https://intrajisbackend.com/api/dte_sii_status/cron
HTTP 200
{
  "message": {
    "status": "success",
    "mode": "one_by_one",
    "processed": 0,
    "checked": 0,
    "updated": 0,
    "still_pending": 0,
    "rejected_alerts": 0,
    "skipped": 8,
    "errors": [],
    "items": [],
    "has_more": true,
    "lookback_days": 30,
    "elapsed_seconds": 0.0,
    "pending_remaining": 8
  }
}
[2026-09-08 23:31:03] GET https://intrajisbackend.com/api/dte_sii_status/cron
HTTP 200
{
  "message": {
    "status": "success",
    "mode": "one_by_one",
    "processed": 0,
    "checked": 0,
    "updated": 0,
    "still_pending": 0,
    "rejected_alerts": 0,
    "skipped": 8,
    "errors": [],
    "items": [],
    "has_more": true,
    "lookback_days": 30,
    "elapsed_seconds": 0.0,
    "pending_remaining": 8
  }
}
[2026-09-08 23:51:03] GET https://intrajisbackend.com/api/dte_sii_status/cron
HTTP 200
{
  "message": {
    "status": "success",
    "mode": "one_by_one",
    "processed": 0,
    "checked": 0,
    "updated": 0,
    "still_pending": 0,
    "rejected_alerts": 0,
    "skipped": 8,
    "errors": [],
    "items": [],
    "has_more": true,
    "lookback_days": 30,
    "elapsed_seconds": 0.0,
    "pending_remaining": 8
  }
}
[2026-09-09 00:11:03] GET https://intrajisbackend.com/api/dte_sii_status/cron
HTTP 200
{
  "message": {
    "status": "success",
    "mode": "one_by_one",
    "processed": 0,
    "checked": 0,
    "updated": 0,
    "still_pending": 0,
    "rejected_alerts": 0,
    "skipped": 8,
    "errors": [],
    "items": [],
    "has_more": true,
    "lookback_days": 30,
    "elapsed_seconds": 0.0,
    "pending_remaining": 8
  }
}
[2026-09-09 00:31:04] GET https://intrajisbackend.com/api/dte_sii_status/cron
HTTP 200
{
  "message": {
    "status": "success",
    "mode": "one_by_one",
    "processed": 0,
    "checked": 0,
    "updated": 0,
    "still_pending": 0,
    "rejected_alerts": 0,
    "skipped": 8,
    "errors": [],
    "items": [],
    "has_more": true,
    "lookback_days": 30,
    "elapsed_seconds": 0.0,
    "pending_remaining": 8
  }
}
[2026-09-09 00:51:02] GET https://intrajisbackend.com/api/dte_sii_status/cron
HTTP 200
{
  "message": {
    "status": "success",
    "mode": "one_by_one",
    "processed": 0,
    "checked": 0,
    "updated": 0,
    "still_pending": 0,
    "rejected_alerts": 0,
    "skipped": 8,
    "errors": [],
    "items": [],
    "has_more": true,
    "lookback_days": 30,
    "elapsed_seconds": 0.0,
    "pending_remaining": 8
  }
}
^C[2026-09-09 01:31:08] GET https://intrajisbackend.com/api/dte_sii_status/cron
HTTP 200
{
  "message": {
    "status": "success",
    "mode": "one_by_one",
    "processed": 0,
    "checked": 0,
    "updated": 0,
    "still_pending": 0,
    "rejected_alerts": 0,
    "skipped": 8,
    "errors": [],
    "items": [],
    "has_more": true,
    "lookback_days": 30,
    "elapsed_seconds": 0.0,
    "pending_remaining": 8
  }
}
[2026-09-09 01:51:07] GET https://intrajisbackend.com/api/dte_sii_status/cron
HTTP 200
{
  "message": {
    "status": "success",
    "mode": "one_by_one",
    "processed": 0,
    "checked": 0,
    "updated": 0,
    "still_pending": 0,
    "rejected_alerts": 0,
    "skipped": 8,
    "errors": [],
    "items": [],
    "has_more": true,
    "lookback_days": 30,
    "elapsed_seconds": 0.0,
    "pending_remaining": 8
  }
}
[2026-09-09 02:11:02] GET https://intrajisbackend.com/api/dte_sii_status/cron
HTTP 200
{
  "message": {
    "status": "success",
    "mode": "one_by_one",
    "processed": 0,
    "checked": 0,
    "updated": 0,
    "still_pending": 0,
    "rejected_alerts": 0,
    "skipped": 8,
    "errors": [],
    "items": [],
    "has_more": true,
    "lookback_days": 30,
    "elapsed_seconds": 0.0,
    "pending_remaining": 8
  }
}
[2026-09-09 09:19:28] GET https://intrajisbackend.com/api/dte_sii_status/cron
HTTP 200
{
  "message": {
    "status": "success",
    "mode": "one_by_one",
    "processed": 0,
    "checked": 0,
    "updated": 0,
    "still_pending": 0,
    "rejected_alerts": 0,
    "skipped": 8,
    "errors": [],
    "items": [],
    "has_more": true,
    "lookback_days": 30,
    "elapsed_seconds": 0.0,
    "pending_remaining": 8
  }
}
[2026-09-09 09:31:02] GET https://intrajisbackend.com/api/dte_sii_status/cron
HTTP 200
{
  "message": {
    "status": "success",
    "mode": "one_by_one",
    "processed": 0,
    "checked": 0,
    "updated": 0,
    "still_pending": 0,
    "rejected_alerts": 0,
    "skipped": 8,
    "errors": [],
    "items": [],
    "has_more": true,
    "lookback_days": 30,
    "elapsed_seconds": 0.0,
    "pending_remaining": 8
  }
}
[2026-09-09 09:51:02] GET https://intrajisbackend.com/api/dte_sii_status/cron
HTTP 200
{
  "message": {
    "status": "success",
    "mode": "one_by_one",
    "processed": 0,
    "checked": 0,
    "updated": 0,
    "still_pending": 0,
    "rejected_alerts": 0,
    "skipped": 8,
    "errors": [],
    "items": [],
    "has_more": true,
    "lookback_days": 30,
    "elapsed_seconds": 0.0,
    "pending_remaining": 8
  }
}
[2026-09-09 10:11:02] GET https://intrajisbackend.com/api/dte_sii_status/cron
HTTP 200
{
  "message": {
    "status": "success",
    "mode": "one_by_one",
    "processed": 0,
    "checked": 0,
    "updated": 0,
    "still_pending": 0,
    "rejected_alerts": 0,
    "skipped": 9,
    "errors": [],
    "items": [],
    "has_more": true,
    "lookback_days": 30,
    "elapsed_seconds": 0.0,
    "pending_remaining": 9
  }
}
[2026-09-09 10:31:02] GET https://intrajisbackend.com/api/dte_sii_status/cron
HTTP 200
{
  "message": {
    "status": "success",
    "mode": "one_by_one",
    "processed": 1,
    "checked": 1,
    "updated": 0,
    "still_pending": 1,
    "rejected_alerts": 0,
    "skipped": 9,
    "errors": [],
    "items": [
      {
        "id": 11807438,
        "folio": 33475799,
        "dte_type_id": 39,
        "prev_sii_status_id": 1,
        "sii_status_id": 1
      }
    ],
    "has_more": true,
    "lookback_days": 30,
    "elapsed_seconds": 2.4,
    "pending_remaining": 10
  }
}
[2026-09-09 10:51:02] GET https://intrajisbackend.com/api/dte_sii_status/cron
HTTP 200
{
  "message": {
    "status": "success",
    "mode": "one_by_one",
    "processed": 0,
    "checked": 0,
    "updated": 0,
    "still_pending": 0,
    "rejected_alerts": 0,
    "skipped": 9,
    "errors": [],
    "items": [],
    "has_more": true,
    "lookback_days": 30,
    "elapsed_seconds": 0.0,
    "pending_remaining": 9
  }
}
[2026-09-09 11:11:02] GET https://intrajisbackend.com/api/dte_sii_status/cron
HTTP 200
{
  "message": {
    "status": "success",
    "mode": "one_by_one",
    "processed": 0,
    "checked": 0,
    "updated": 0,
    "still_pending": 0,
    "rejected_alerts": 0,
    "skipped": 9,
    "errors": [],
    "items": [],
    "has_more": true,
    "lookback_days": 30,
    "elapsed_seconds": 0.0,
    "pending_remaining": 9
  }
}
[2026-09-09 11:31:02] GET https://intrajisbackend.com/api/dte_sii_status/cron
HTTP 200
{
  "message": {
    "status": "success",
    "mode": "one_by_one",
    "processed": 0,
    "checked": 0,
    "updated": 0,
    "still_pending": 0,
    "rejected_alerts": 0,
    "skipped": 9,
    "errors": [],
    "items": [],
    "has_more": true,
    "lookback_days": 30,
    "elapsed_seconds": 0.0,
    "pending_remaining": 9
  }
}
^C[2026-09-09 12:11:02] GET https://intrajisbackend.com/api/dte_sii_status/cron
HTTP 200
{
  "message": {
    "status": "success",
    "mode": "one_by_one",
    "processed": 4,
    "checked": 4,
    "updated": 0,
    "still_pending": 4,
    "rejected_alerts": 0,
    "skipped": 9,
    "errors": [],
    "items": [
      {
        "id": 11807533,
        "folio": 33475800,
        "dte_type_id": 39,
        "prev_sii_status_id": 1,
        "sii_status_id": 1
      },
      {
        "id": 11807535,
        "folio": 33475801,
        "dte_type_id": 39,
        "prev_sii_status_id": 1,
        "sii_status_id": 1
      },
      {
        "id": 11807693,
        "folio": 33475802,
        "dte_type_id": 39,
        "prev_sii_status_id": 1,
        "sii_status_id": 1
      },
      {
        "id": 11807694,
        "folio": 33475803,
        "dte_type_id": 39,
        "prev_sii_status_id": 1,
        "sii_status_id": 1
      }
    ],
    "has_more": true,
    "lookback_days": 30,
    "elapsed_seconds": 2.6,
    "pending_remaining": 13
  }
}
[2026-09-09 12:31:02] GET https://intrajisbackend.com/api/dte_sii_status/cron
HTTP 200
{
  "message": {
    "status": "success",
    "mode": "one_by_one",
    "processed": 0,
    "checked": 0,
    "updated": 0,
    "still_pending": 0,
    "rejected_alerts": 0,
    "skipped": 9,
    "errors": [],
    "items": [],
    "has_more": true,
    "lookback_days": 30,
    "elapsed_seconds": 0.0,
    "pending_remaining": 9
  }
}
[2026-09-09 12:51:02] GET https://intrajisbackend.com/api/dte_sii_status/cron
HTTP 200
{
  "message": {
    "status": "success",
    "mode": "one_by_one",
    "processed": 0,
    "checked": 0,
    "updated": 0,
    "still_pending": 0,
    "rejected_alerts": 0,
    "skipped": 9,
    "errors": [],
    "items": [],
    "has_more": true,
    "lookback_days": 30,
    "elapsed_seconds": 0.0,
    "pending_remaining": 9
  }
}
[2026-09-09 13:11:02] GET https://intrajisbackend.com/api/dte_sii_status/cron
HTTP 200
{
  "message": {
    "status": "success",
    "mode": "one_by_one",
    "processed": 0,
    "checked": 0,
    "updated": 0,
    "still_pending": 0,
    "rejected_alerts": 0,
    "skipped": 9,
    "errors": [],
    "items": [],
    "has_more": true,
    "lookback_days": 30,
    "elapsed_seconds": 0.0,
    "pending_remaining": 9
  }
}
[2026-09-09 13:31:02] GET https://intrajisbackend.com/api/dte_sii_status/cron
HTTP 200
{
  "message": {
    "status": "success",
    "mode": "one_by_one",
    "processed": 0,
    "checked": 0,
    "updated": 0,
    "still_pending": 0,
    "rejected_alerts": 0,
    "skipped": 9,
    "errors": [],
    "items": [],
    "has_more": true,
    "lookback_days": 30,
    "elapsed_seconds": 0.0,
    "pending_remaining": 9
  }
}
[2026-09-09 13:51:02] GET https://intrajisbackend.com/api/dte_sii_status/cron
HTTP 200
{
  "message": {
    "status": "success",
    "mode": "one_by_one",
    "processed": 0,
    "checked": 0,
    "updated": 0,
    "still_pending": 0,
    "rejected_alerts": 0,
    "skipped": 9,
    "errors": [],
    "items": [],
    "has_more": true,
    "lookback_days": 30,
    "elapsed_seconds": 0.0,
    "pending_remaining": 9
  }
}
[2026-09-09 14:11:02] GET https://intrajisbackend.com/api/dte_sii_status/cron
HTTP 200
{
  "message": {
    "status": "success",
    "mode": "one_by_one",
    "processed": 0,
    "checked": 0,
    "updated": 0,
    "still_pending": 0,
    "rejected_alerts": 0,
    "skipped": 9,
    "errors": [],
    "items": [],
    "has_more": true,
    "lookback_days": 30,
    "elapsed_seconds": 0.0,
    "pending_remaining": 9
  }
}
[2026-09-09 14:31:02] GET https://intrajisbackend.com/api/dte_sii_status/cron
HTTP 200
{
  "message": {
    "status": "success",
    "mode": "one_by_one",
    "processed": 0,
    "checked": 0,
    "updated": 0,
    "still_pending": 0,
    "rejected_alerts": 0,
    "skipped": 9,
    "errors": [],
    "items": [],
    "has_more": true,
    "lookback_days": 30,
    "elapsed_seconds": 0.0,
    "pending_remaining": 9
  }
}
[2026-09-09 14:51:02] GET https://intrajisbackend.com/api/dte_sii_status/cron
HTTP 200
{
  "message": {
    "status": "success",
    "mode": "one_by_one",
    "processed": 0,
    "checked": 0,
    "updated": 0,
    "still_pending": 0,
    "rejected_alerts": 0,
    "skipped": 9,
    "errors": [],
    "items": [],
    "has_more": true,
    "lookback_days": 30,
    "elapsed_seconds": 0.0,
    "pending_remaining": 9
  }
}
[2026-09-09 18:11:02] GET https://intrajisbackend.com/api/dte_sii_status/cron
HTTP 200
{
  "message": {
    "status": "success",
    "mode": "one_by_one",
    "processed": 0,
    "checked": 0,
    "updated": 0,
    "still_pending": 0,
    "rejected_alerts": 0,
    "skipped": 9,
    "errors": [],
    "items": [],
    "has_more": true,
    "lookback_days": 30,
    "elapsed_seconds": 0.0,
    "pending_remaining": 9
  }
}
[2026-09-09 18:31:02] GET https://intrajisbackend.com/api/dte_sii_status/cron
HTTP 200
{
  "message": {
    "status": "success",
    "mode": "one_by_one",
    "processed": 0,
    "checked": 0,
    "updated": 0,
    "still_pending": 0,
    "rejected_alerts": 0,
    "skipped": 9,
    "errors": [],
    "items": [],
    "has_more": true,
    "lookback_days": 30,
    "elapsed_seconds": 0.0,
    "pending_remaining": 9
  }
}
[2026-09-09 18:51:02] GET https://intrajisbackend.com/api/dte_sii_status/cron
HTTP 200
{
  "message": {
    "status": "success",
    "mode": "one_by_one",
    "processed": 0,
    "checked": 0,
    "updated": 0,
    "still_pending": 0,
    "rejected_alerts": 0,
    "skipped": 9,
    "errors": [],
    "items": [],
    "has_more": true,
    "lookback_days": 30,
    "elapsed_seconds": 0.0,
    "pending_remaining": 9
  }
}
[2026-09-09 19:11:02] GET https://intrajisbackend.com/api/dte_sii_status/cron
HTTP 200
{
  "message": {
    "status": "success",
    "mode": "one_by_one",
    "processed": 0,
    "checked": 0,
    "updated": 0,
    "still_pending": 0,
    "rejected_alerts": 0,
    "skipped": 9,
    "errors": [],
    "items": [],
    "has_more": true,
    "lookback_days": 30,
    "elapsed_seconds": 0.0,
    "pending_remaining": 9
  }
}
[2026-09-09 19:31:02] GET https://intrajisbackend.com/api/dte_sii_status/cron
HTTP 200
{
  "message": {
    "status": "success",
    "mode": "one_by_one",
    "processed": 0,
    "checked": 0,
    "updated": 0,
    "still_pending": 0,
    "rejected_alerts": 0,
    "skipped": 9,
    "errors": [],
    "items": [],
    "has_more": true,
    "lookback_days": 30,
    "elapsed_seconds": 0.0,
    "pending_remaining": 9
  }
}
[2026-09-09 19:51:02] GET https://intrajisbackend.com/api/dte_sii_status/cron
HTTP 200
{
  "message": {
    "status": "success",
    "mode": "one_by_one",
    "processed": 0,
    "checked": 0,
    "updated": 0,
    "still_pending": 0,
    "rejected_alerts": 0,
    "skipped": 9,
    "errors": [],
    "items": [],
    "has_more": true,
    "lookback_days": 30,
    "elapsed_seconds": 0.0,
    "pending_remaining": 9
  }
}
[2026-09-09 20:11:02] GET https://intrajisbackend.com/api/dte_sii_status/cron
HTTP 200
{
  "message": {
    "status": "success",
    "mode": "one_by_one",
    "processed": 0,
    "checked": 0,
    "updated": 0,
    "still_pending": 0,
    "rejected_alerts": 0,
    "skipped": 9,
    "errors": [],
    "items": [],
    "has_more": true,
    "lookback_days": 30,
    "elapsed_seconds": 0.0,
    "pending_remaining": 9
  }
}
[2026-09-09 20:31:02] GET https://intrajisbackend.com/api/dte_sii_status/cron
HTTP 200
{
  "message": {
    "status": "success",
    "mode": "one_by_one",
    "processed": 0,
    "checked": 0,
    "updated": 0,
    "still_pending": 0,
    "rejected_alerts": 0,
    "skipped": 9,
    "errors": [],
    "items": [],
    "has_more": true,
    "lookback_days": 30,
    "elapsed_seconds": 0.0,
    "pending_remaining": 9
  }
}
[2026-09-09 20:51:02] GET https://intrajisbackend.com/api/dte_sii_status/cron
HTTP 200
{
  "message": {
    "status": "success",
    "mode": "one_by_one",
    "processed": 0,
    "checked": 0,
    "updated": 0,
    "still_pending": 0,
    "rejected_alerts": 0,
    "skipped": 9,
    "errors": [],
    "items": [],
    "has_more": true,
    "lookback_days": 30,
    "elapsed_seconds": 0.0,
    "pending_remaining": 9
  }
}
[2026-09-09 21:11:02] GET https://intrajisbackend.com/api/dte_sii_status/cron
HTTP 200
{
  "message": {
    "status": "success",
    "mode": "one_by_one",
    "processed": 0,
    "checked": 0,
    "updated": 0,
    "still_pending": 0,
    "rejected_alerts": 0,
    "skipped": 9,
    "errors": [],
    "items": [],
    "has_more": true,
    "lookback_days": 30,
    "elapsed_seconds": 0.0,
    "pending_remaining": 9
  }
}
[2026-09-09 21:31:02] GET https://intrajisbackend.com/api/dte_sii_status/cron
HTTP 200
{
  "message": {
    "status": "success",
    "mode": "one_by_one",
    "processed": 0,
    "checked": 0,
    "updated": 0,
    "still_pending": 0,
    "rejected_alerts": 0,
    "skipped": 9,
    "errors": [],
    "items": [],
    "has_more": true,
    "lookback_days": 30,
    "elapsed_seconds": 0.0,
    "pending_remaining": 9
  }
}
[2026-09-09 21:51:02] GET https://intrajisbackend.com/api/dte_sii_status/cron
HTTP 200
{
  "message": {
    "status": "success",
    "mode": "one_by_one",
    "processed": 0,
    "checked": 0,
    "updated": 0,
    "still_pending": 0,
    "rejected_alerts": 0,
    "skipped": 9,
    "errors": [],
    "items": [],
    "has_more": true,
    "lookback_days": 30,
    "elapsed_seconds": 0.0,
    "pending_remaining": 9
  }
}
[2026-09-09 22:11:02] GET https://intrajisbackend.com/api/dte_sii_status/cron
HTTP 200
{
  "message": {
    "status": "success",
    "mode": "one_by_one",
    "processed": 0,
    "checked": 0,
    "updated": 0,
    "still_pending": 0,
    "rejected_alerts": 0,
    "skipped": 9,
    "errors": [],
    "items": [],
    "has_more": true,
    "lookback_days": 30,
    "elapsed_seconds": 0.0,
    "pending_remaining": 9
  }
}
[2026-09-09 22:31:02] GET https://intrajisbackend.com/api/dte_sii_status/cron
HTTP 200
{
  "message": {
    "status": "success",
    "mode": "one_by_one",
    "processed": 0,
    "checked": 0,
    "updated": 0,
    "still_pending": 0,
    "rejected_alerts": 0,
    "skipped": 9,
    "errors": [],
    "items": [],
    "has_more": true,
    "lookback_days": 30,
    "elapsed_seconds": 0.0,
    "pending_remaining": 9
  }
}
[2026-09-09 22:51:02] GET https://intrajisbackend.com/api/dte_sii_status/cron
HTTP 200
{
  "message": {
    "status": "success",
    "mode": "one_by_one",
    "processed": 0,
    "checked": 0,
    "updated": 0,
    "still_pending": 0,
    "rejected_alerts": 0,
    "skipped": 9,
    "errors": [],
    "items": [],
    "has_more": true,
    "lookback_days": 30,
    "elapsed_seconds": 0.0,
    "pending_remaining": 9
  }
}
[2026-09-09 23:11:02] GET https://intrajisbackend.com/api/dte_sii_status/cron
HTTP 200
{
  "message": {
    "status": "success",
    "mode": "one_by_one",
    "processed": 0,
    "checked": 0,
    "updated": 0,
    "still_pending": 0,
    "rejected_alerts": 0,
    "skipped": 9,
    "errors": [],
    "items": [],
    "has_more": true,
    "lookback_days": 30,
    "elapsed_seconds": 0.0,
    "pending_remaining": 9
  }
}
[2026-09-09 23:31:02] GET https://intrajisbackend.com/api/dte_sii_status/cron
HTTP 200
{
  "message": {
    "status": "success",
    "mode": "one_by_one",
    "processed": 0,
    "checked": 0,
    "updated": 0,
    "still_pending": 0,
    "rejected_alerts": 0,
    "skipped": 9,
    "errors": [],
    "items": [],
    "has_more": true,
    "lookback_days": 30,
    "elapsed_seconds": 0.0,
    "pending_remaining": 9
  }
}
[2026-09-09 23:51:04] GET https://intrajisbackend.com/api/dte_sii_status/cron
HTTP 200
{
  "message": {
    "status": "success",
    "mode": "one_by_one",
    "processed": 0,
    "checked": 0,
    "updated": 0,
    "still_pending": 0,
    "rejected_alerts": 0,
    "skipped": 9,
    "errors": [],
    "items": [],
    "has_more": true,
    "lookback_days": 30,
    "elapsed_seconds": 0.0,
    "pending_remaining": 9
  }
}
[2026-09-10 00:11:05] GET https://intrajisbackend.com/api/dte_sii_status/cron
HTTP 200
{
  "message": {
    "status": "success",
    "mode": "one_by_one",
    "processed": 0,
    "checked": 0,
    "updated": 0,
    "still_pending": 0,
    "rejected_alerts": 0,
    "skipped": 9,
    "errors": [],
    "items": [],
    "has_more": true,
    "lookback_days": 30,
    "elapsed_seconds": 0.0,
    "pending_remaining": 9
  }
}
[2026-09-10 00:31:05] GET https://intrajisbackend.com/api/dte_sii_status/cron
HTTP 200
{
  "message": {
    "status": "success",
    "mode": "one_by_one",
    "processed": 0,
    "checked": 0,
    "updated": 0,
    "still_pending": 0,
    "rejected_alerts": 0,
    "skipped": 9,
    "errors": [],
    "items": [],
    "has_more": true,
    "lookback_days": 30,
    "elapsed_seconds": 0.0,
    "pending_remaining": 9
  }
}
[2026-09-10 00:51:02] GET https://intrajisbackend.com/api/dte_sii_status/cron
HTTP 200
{
  "message": {
    "status": "success",
    "mode": "one_by_one",
    "processed": 0,
    "checked": 0,
    "updated": 0,
    "still_pending": 0,
    "rejected_alerts": 0,
    "skipped": 9,
    "errors": [],
    "items": [],
    "has_more": true,
    "lookback_days": 30,
    "elapsed_seconds": 0.0,
    "pending_remaining": 9
  }
}
[2026-09-10 08:13:44] GET https://intrajisbackend.com/api/dte_sii_status/cron
HTTP 200
{
  "message": {
    "status": "success",
    "mode": "one_by_one",
    "processed": 0,
    "checked": 0,
    "updated": 0,
    "still_pending": 0,
    "rejected_alerts": 0,
    "skipped": 9,
    "errors": [],
    "items": [],
    "has_more": true,
    "lookback_days": 30,
    "elapsed_seconds": 0.0,
    "pending_remaining": 9
  }
}
[2026-09-10 08:31:02] GET https://intrajisbackend.com/api/dte_sii_status/cron
HTTP 200
{
  "message": {
    "status": "success",
    "mode": "one_by_one",
    "processed": 0,
    "checked": 0,
    "updated": 0,
    "still_pending": 0,
    "rejected_alerts": 0,
    "skipped": 9,
    "errors": [],
    "items": [],
    "has_more": true,
    "lookback_days": 30,
    "elapsed_seconds": 0.0,
    "pending_remaining": 9
  }
}
[2026-09-10 08:51:02] GET https://intrajisbackend.com/api/dte_sii_status/cron
HTTP 200
{
  "message": {
    "status": "success",
    "mode": "one_by_one",
    "processed": 0,
    "checked": 0,
    "updated": 0,
    "still_pending": 0,
    "rejected_alerts": 0,
    "skipped": 9,
    "errors": [],
    "items": [],
    "has_more": true,
    "lookback_days": 30,
    "elapsed_seconds": 0.0,
    "pending_remaining": 9
  }
}
[2026-09-10 09:11:02] GET https://intrajisbackend.com/api/dte_sii_status/cron
HTTP 200
{
  "message": {
    "status": "success",
    "mode": "one_by_one",
    "processed": 0,
    "checked": 0,
    "updated": 0,
    "still_pending": 0,
    "rejected_alerts": 0,
    "skipped": 9,
    "errors": [],
    "items": [],
    "has_more": true,
    "lookback_days": 30,
    "elapsed_seconds": 0.0,
    "pending_remaining": 9
  }
}
[2026-09-10 09:31:02] GET https://intrajisbackend.com/api/dte_sii_status/cron
HTTP 200
{
  "message": {
    "status": "success",
    "mode": "one_by_one",
    "processed": 0,
    "checked": 0,
    "updated": 0,
    "still_pending": 0,
    "rejected_alerts": 0,
    "skipped": 9,
    "errors": [],
    "items": [],
    "has_more": true,
    "lookback_days": 30,
    "elapsed_seconds": 0.0,
    "pending_remaining": 9
  }
}
[2026-09-10 09:51:02] GET https://intrajisbackend.com/api/dte_sii_status/cron
HTTP 200
{
  "message": {
    "status": "success",
    "mode": "one_by_one",
    "processed": 0,
    "checked": 0,
    "updated": 0,
    "still_pending": 0,
    "rejected_alerts": 0,
    "skipped": 9,
    "errors": [],
    "items": [],
    "has_more": true,
    "lookback_days": 30,
    "elapsed_seconds": 0.0,
    "pending_remaining": 9
  }
}
[2026-09-10 10:11:02] GET https://intrajisbackend.com/api/dte_sii_status/cron
HTTP 200
{
  "message": {
    "status": "success",
    "mode": "one_by_one",
    "processed": 0,
    "checked": 0,
    "updated": 0,
    "still_pending": 0,
    "rejected_alerts": 0,
    "skipped": 9,
    "errors": [],
    "items": [],
    "has_more": true,
    "lookback_days": 30,
    "elapsed_seconds": 0.0,
    "pending_remaining": 9
  }
}
[2026-09-10 10:31:02] GET https://intrajisbackend.com/api/dte_sii_status/cron
HTTP 200
{
  "message": {
    "status": "success",
    "mode": "one_by_one",
    "processed": 0,
    "checked": 0,
    "updated": 0,
    "still_pending": 0,
    "rejected_alerts": 0,
    "skipped": 9,
    "errors": [],
    "items": [],
    "has_more": true,
    "lookback_days": 30,
    "elapsed_seconds": 0.0,
    "pending_remaining": 9
  }
}
[2026-09-10 10:51:02] GET https://intrajisbackend.com/api/dte_sii_status/cron
HTTP 200
{
  "message": {
    "status": "success",
    "mode": "one_by_one",
    "processed": 0,
    "checked": 0,
    "updated": 0,
    "still_pending": 0,
    "rejected_alerts": 0,
    "skipped": 9,
    "errors": [],
    "items": [],
    "has_more": true,
    "lookback_days": 30,
    "elapsed_seconds": 0.0,
    "pending_remaining": 9
  }
}
[2026-09-10 11:11:02] GET https://intrajisbackend.com/api/dte_sii_status/cron
HTTP 200
{
  "message": {
    "status": "success",
    "mode": "one_by_one",
    "processed": 0,
    "checked": 0,
    "updated": 0,
    "still_pending": 0,
    "rejected_alerts": 0,
    "skipped": 9,
    "errors": [],
    "items": [],
    "has_more": true,
    "lookback_days": 30,
    "elapsed_seconds": 0.0,
    "pending_remaining": 9
  }
}
[2026-09-10 11:31:02] GET https://intrajisbackend.com/api/dte_sii_status/cron
HTTP 200
{
  "message": {
    "status": "success",
    "mode": "one_by_one",
    "processed": 0,
    "checked": 0,
    "updated": 0,
    "still_pending": 0,
    "rejected_alerts": 0,
    "skipped": 9,
    "errors": [],
    "items": [],
    "has_more": true,
    "lookback_days": 30,
    "elapsed_seconds": 0.0,
    "pending_remaining": 9
  }
}
[2026-09-10 11:51:02] GET https://intrajisbackend.com/api/dte_sii_status/cron
HTTP 200
{
  "message": {
    "status": "success",
    "mode": "one_by_one",
    "processed": 0,
    "checked": 0,
    "updated": 0,
    "still_pending": 0,
    "rejected_alerts": 0,
    "skipped": 9,
    "errors": [],
    "items": [],
    "has_more": true,
    "lookback_days": 30,
    "elapsed_seconds": 0.0,
    "pending_remaining": 9
  }
}
[2026-09-10 12:11:02] GET https://intrajisbackend.com/api/dte_sii_status/cron
HTTP 200
{
  "message": {
    "status": "success",
    "mode": "one_by_one",
    "processed": 0,
    "checked": 0,
    "updated": 0,
    "still_pending": 0,
    "rejected_alerts": 0,
    "skipped": 9,
    "errors": [],
    "items": [],
    "has_more": true,
    "lookback_days": 30,
    "elapsed_seconds": 0.0,
    "pending_remaining": 9
  }
}
[2026-09-10 21:24:06] GET https://intrajisbackend.com/api/dte_sii_status/cron
HTTP 200
{
  "message": {
    "status": "success",
    "mode": "one_by_one",
    "processed": 0,
    "checked": 0,
    "updated": 0,
    "still_pending": 0,
    "rejected_alerts": 0,
    "skipped": 10,
    "errors": [],
    "items": [],
    "has_more": true,
    "lookback_days": 30,
    "elapsed_seconds": 0.0,
    "pending_remaining": 10
  }
}
[2026-09-10 21:31:03] GET https://intrajisbackend.com/api/dte_sii_status/cron
HTTP 200
{
  "message": {
    "status": "success",
    "mode": "one_by_one",
    "processed": 0,
    "checked": 0,
    "updated": 0,
    "still_pending": 0,
    "rejected_alerts": 0,
    "skipped": 10,
    "errors": [],
    "items": [],
    "has_more": true,
    "lookback_days": 30,
    "elapsed_seconds": 0.0,
    "pending_remaining": 10
  }
}
[2026-09-10 21:51:03] GET https://intrajisbackend.com/api/dte_sii_status/cron
HTTP 200
{
  "message": {
    "status": "success",
    "mode": "one_by_one",
    "processed": 0,
    "checked": 0,
    "updated": 0,
    "still_pending": 0,
    "rejected_alerts": 0,
    "skipped": 10,
    "errors": [],
    "items": [],
    "has_more": true,
    "lookback_days": 30,
    "elapsed_seconds": 0.0,
    "pending_remaining": 10
  }
}
[2026-09-10 22:11:06] GET https://intrajisbackend.com/api/dte_sii_status/cron
HTTP 200
{
  "message": {
    "status": "success",
    "mode": "one_by_one",
    "processed": 0,
    "checked": 0,
    "updated": 0,
    "still_pending": 0,
    "rejected_alerts": 0,
    "skipped": 10,
    "errors": [],
    "items": [],
    "has_more": true,
    "lookback_days": 30,
    "elapsed_seconds": 0.0,
    "pending_remaining": 10
  }
}
[2026-09-10 22:31:03] GET https://intrajisbackend.com/api/dte_sii_status/cron
HTTP 200
{
  "message": {
    "status": "success",
    "mode": "one_by_one",
    "processed": 0,
    "checked": 0,
    "updated": 0,
    "still_pending": 0,
    "rejected_alerts": 0,
    "skipped": 10,
    "errors": [],
    "items": [],
    "has_more": true,
    "lookback_days": 30,
    "elapsed_seconds": 0.0,
    "pending_remaining": 10
  }
}
[2026-09-10 22:51:04] GET https://intrajisbackend.com/api/dte_sii_status/cron
HTTP 200
{
  "message": {
    "status": "success",
    "mode": "one_by_one",
    "processed": 0,
    "checked": 0,
    "updated": 0,
    "still_pending": 0,
    "rejected_alerts": 0,
    "skipped": 10,
    "errors": [],
    "items": [],
    "has_more": true,
    "lookback_days": 30,
    "elapsed_seconds": 0.0,
    "pending_remaining": 10
  }
}
[2026-09-10 23:11:04] GET https://intrajisbackend.com/api/dte_sii_status/cron
HTTP 200
{
  "message": {
    "status": "success",
    "mode": "one_by_one",
    "processed": 0,
    "checked": 0,
    "updated": 0,
    "still_pending": 0,
    "rejected_alerts": 0,
    "skipped": 10,
    "errors": [],
    "items": [],
    "has_more": true,
    "lookback_days": 30,
    "elapsed_seconds": 0.0,
    "pending_remaining": 10
  }
}
[2026-09-10 23:31:04] GET https://intrajisbackend.com/api/dte_sii_status/cron
HTTP 200
{
  "message": {
    "status": "success",
    "mode": "one_by_one",
    "processed": 0,
    "checked": 0,
    "updated": 0,
    "still_pending": 0,
    "rejected_alerts": 0,
    "skipped": 10,
    "errors": [],
    "items": [],
    "has_more": true,
    "lookback_days": 30,
    "elapsed_seconds": 0.0,
    "pending_remaining": 10
  }
}
[2026-09-11 09:34:01] GET https://intrajisbackend.com/api/dte_sii_status/cron
HTTP 200
{
  "message": {
    "status": "success",
    "mode": "one_by_one",
    "processed": 0,
    "checked": 0,
    "updated": 0,
    "still_pending": 0,
    "rejected_alerts": 0,
    "skipped": 10,
    "errors": [],
    "items": [],
    "has_more": true,
    "lookback_days": 30,
    "elapsed_seconds": 0.0,
    "pending_remaining": 10
  }
}
[2026-09-11 09:51:02] GET https://intrajisbackend.com/api/dte_sii_status/cron
HTTP 200
{
  "message": {
    "status": "success",
    "mode": "one_by_one",
    "processed": 0,
    "checked": 0,
    "updated": 0,
    "still_pending": 0,
    "rejected_alerts": 0,
    "skipped": 10,
    "errors": [],
    "items": [],
    "has_more": true,
    "lookback_days": 30,
    "elapsed_seconds": 0.0,
    "pending_remaining": 10
  }
}
[2026-09-11 10:11:02] GET https://intrajisbackend.com/api/dte_sii_status/cron
HTTP 200
{
  "message": {
    "status": "success",
    "mode": "one_by_one",
    "processed": 0,
    "checked": 0,
    "updated": 0,
    "still_pending": 0,
    "rejected_alerts": 0,
    "skipped": 10,
    "errors": [],
    "items": [],
    "has_more": true,
    "lookback_days": 30,
    "elapsed_seconds": 0.0,
    "pending_remaining": 10
  }
}
[2026-09-11 10:31:02] GET https://intrajisbackend.com/api/dte_sii_status/cron
HTTP 200
{
  "message": {
    "status": "success",
    "mode": "one_by_one",
    "processed": 0,
    "checked": 0,
    "updated": 0,
    "still_pending": 0,
    "rejected_alerts": 0,
    "skipped": 10,
    "errors": [],
    "items": [],
    "has_more": true,
    "lookback_days": 30,
    "elapsed_seconds": 0.0,
    "pending_remaining": 10
  }
}
[2026-09-11 10:51:02] GET https://intrajisbackend.com/api/dte_sii_status/cron
HTTP 200
{
  "message": {
    "status": "success",
    "mode": "one_by_one",
    "processed": 0,
    "checked": 0,
    "updated": 0,
    "still_pending": 0,
    "rejected_alerts": 0,
    "skipped": 10,
    "errors": [],
    "items": [],
    "has_more": true,
    "lookback_days": 30,
    "elapsed_seconds": 0.0,
    "pending_remaining": 10
  }
}
[2026-09-11 19:49:10] GET https://intrajisbackend.com/api/dte_sii_status/cron
HTTP 200
{
  "message": {
    "status": "success",
    "mode": "one_by_one",
    "processed": 0,
    "checked": 0,
    "updated": 0,
    "still_pending": 0,
    "rejected_alerts": 0,
    "skipped": 12,
    "errors": [],
    "items": [],
    "has_more": true,
    "lookback_days": 30,
    "elapsed_seconds": 0.0,
    "pending_remaining": 12
  }
}
[2026-09-11 20:11:03] GET https://intrajisbackend.com/api/dte_sii_status/cron
HTTP 200
{
  "message": {
    "status": "success",
    "mode": "one_by_one",
    "processed": 0,
    "checked": 0,
    "updated": 0,
    "still_pending": 0,
    "rejected_alerts": 0,
    "skipped": 12,
    "errors": [],
    "items": [],
    "has_more": true,
    "lookback_days": 30,
    "elapsed_seconds": 0.0,
    "pending_remaining": 12
  }
}
[2026-09-11 20:31:03] GET https://intrajisbackend.com/api/dte_sii_status/cron
HTTP 200
{
  "message": {
    "status": "success",
    "mode": "one_by_one",
    "processed": 0,
    "checked": 0,
    "updated": 0,
    "still_pending": 0,
    "rejected_alerts": 0,
    "skipped": 12,
    "errors": [],
    "items": [],
    "has_more": true,
    "lookback_days": 30,
    "elapsed_seconds": 0.0,
    "pending_remaining": 12
  }
}
[2026-09-11 20:51:03] GET https://intrajisbackend.com/api/dte_sii_status/cron
HTTP 200
{
  "message": {
    "status": "success",
    "mode": "one_by_one",
    "processed": 0,
    "checked": 0,
    "updated": 0,
    "still_pending": 0,
    "rejected_alerts": 0,
    "skipped": 12,
    "errors": [],
    "items": [],
    "has_more": true,
    "lookback_days": 30,
    "elapsed_seconds": 0.0,
    "pending_remaining": 12
  }
}
[2026-09-11 21:11:02] GET https://intrajisbackend.com/api/dte_sii_status/cron
HTTP 200
{
  "message": {
    "status": "success",
    "mode": "one_by_one",
    "processed": 0,
    "checked": 0,
    "updated": 0,
    "still_pending": 0,
    "rejected_alerts": 0,
    "skipped": 12,
    "errors": [],
    "items": [],
    "has_more": true,
    "lookback_days": 30,
    "elapsed_seconds": 0.0,
    "pending_remaining": 12
  }
}
[2026-09-11 21:31:02] GET https://intrajisbackend.com/api/dte_sii_status/cron
HTTP 200
{
  "message": {
    "status": "success",
    "mode": "one_by_one",
    "processed": 0,
    "checked": 0,
    "updated": 0,
    "still_pending": 0,
    "rejected_alerts": 0,
    "skipped": 12,
    "errors": [],
    "items": [],
    "has_more": true,
    "lookback_days": 30,
    "elapsed_seconds": 0.0,
    "pending_remaining": 12
  }
}
[2026-09-11 21:51:02] GET https://intrajisbackend.com/api/dte_sii_status/cron
HTTP 200
{
  "message": {
    "status": "success",
    "mode": "one_by_one",
    "processed": 0,
    "checked": 0,
    "updated": 0,
    "still_pending": 0,
    "rejected_alerts": 0,
    "skipped": 12,
    "errors": [],
    "items": [],
    "has_more": true,
    "lookback_days": 30,
    "elapsed_seconds": 0.0,
    "pending_remaining": 12
  }
}
[2026-09-11 22:11:03] GET https://intrajisbackend.com/api/dte_sii_status/cron
HTTP 200
{
  "message": {
    "status": "success",
    "mode": "one_by_one",
    "processed": 0,
    "checked": 0,
    "updated": 0,
    "still_pending": 0,
    "rejected_alerts": 0,
    "skipped": 12,
    "errors": [],
    "items": [],
    "has_more": true,
    "lookback_days": 30,
    "elapsed_seconds": 0.0,
    "pending_remaining": 12
  }
}
[2026-09-11 22:31:02] GET https://intrajisbackend.com/api/dte_sii_status/cron
HTTP 200
{
  "message": {
    "status": "success",
    "mode": "one_by_one",
    "processed": 0,
    "checked": 0,
    "updated": 0,
    "still_pending": 0,
    "rejected_alerts": 0,
    "skipped": 12,
    "errors": [],
    "items": [],
    "has_more": true,
    "lookback_days": 30,
    "elapsed_seconds": 0.0,
    "pending_remaining": 12
  }
}
^C[2026-09-11 23:11:02] GET https://intrajisbackend.com/api/dte_sii_status/cron
HTTP 200
{
  "message": {
    "status": "success",
    "mode": "one_by_one",
    "processed": 0,
    "checked": 0,
    "updated": 0,
    "still_pending": 0,
    "rejected_alerts": 0,
    "skipped": 12,
    "errors": [],
    "items": [],
    "has_more": true,
    "lookback_days": 30,
    "elapsed_seconds": 0.0,
    "pending_remaining": 12
  }
}
[2026-09-11 23:31:02] GET https://intrajisbackend.com/api/dte_sii_status/cron
HTTP 200
{
  "message": {
    "status": "success",
    "mode": "one_by_one",
    "processed": 0,
    "checked": 0,
    "updated": 0,
    "still_pending": 0,
    "rejected_alerts": 0,
    "skipped": 12,
    "errors": [],
    "items": [],
    "has_more": true,
    "lookback_days": 30,
    "elapsed_seconds": 0.0,
    "pending_remaining": 12
  }
}
[2026-09-11 23:51:02] GET https://intrajisbackend.com/api/dte_sii_status/cron
HTTP 200
{
  "message": {
    "status": "success",
    "mode": "one_by_one",
    "processed": 0,
    "checked": 0,
    "updated": 0,
    "still_pending": 0,
    "rejected_alerts": 0,
    "skipped": 12,
    "errors": [],
    "items": [],
    "has_more": true,
    "lookback_days": 30,
    "elapsed_seconds": 0.0,
    "pending_remaining": 12
  }
}
[2026-09-12 00:11:02] GET https://intrajisbackend.com/api/dte_sii_status/cron
HTTP 200
{
  "message": {
    "status": "success",
    "mode": "one_by_one",
    "processed": 0,
    "checked": 0,
    "updated": 0,
    "still_pending": 0,
    "rejected_alerts": 0,
    "skipped": 12,
    "errors": [],
    "items": [],
    "has_more": true,
    "lookback_days": 30,
    "elapsed_seconds": 0.0,
    "pending_remaining": 12
  }
}
[2026-09-12 09:40:44] GET https://intrajisbackend.com/api/dte_sii_status/cron
HTTP 200
{
  "message": {
    "status": "success",
    "mode": "one_by_one",
    "processed": 0,
    "checked": 0,
    "updated": 0,
    "still_pending": 0,
    "rejected_alerts": 0,
    "skipped": 12,
    "errors": [],
    "items": [],
    "has_more": true,
    "lookback_days": 30,
    "elapsed_seconds": 0.0,
    "pending_remaining": 12
  }
}
[2026-09-12 09:51:02] GET https://intrajisbackend.com/api/dte_sii_status/cron
HTTP 200
{
  "message": {
    "status": "success",
    "mode": "one_by_one",
    "processed": 0,
    "checked": 0,
    "updated": 0,
    "still_pending": 0,
    "rejected_alerts": 0,
    "skipped": 12,
    "errors": [],
    "items": [],
    "has_more": true,
    "lookback_days": 30,
    "elapsed_seconds": 0.0,
    "pending_remaining": 12
  }
}
^C[2026-09-12 10:31:01] GET https://intrajisbackend.com/api/dte_sii_status/cron
HTTP 200
{
  "message": {
    "status": "success",
    "mode": "one_by_one",
    "processed": 0,
    "checked": 0,
    "updated": 0,
    "still_pending": 0,
    "rejected_alerts": 0,
    "skipped": 12,
    "errors": [],
    "items": [],
    "has_more": true,
    "lookback_days": 30,
    "elapsed_seconds": 0.0,
    "pending_remaining": 12
  }
}
[2026-09-12 10:51:01] GET https://intrajisbackend.com/api/dte_sii_status/cron
HTTP 200
{
  "message": {
    "status": "success",
    "mode": "one_by_one",
    "processed": 0,
    "checked": 0,
    "updated": 0,
    "still_pending": 0,
    "rejected_alerts": 0,
    "skipped": 12,
    "errors": [],
    "items": [],
    "has_more": true,
    "lookback_days": 30,
    "elapsed_seconds": 0.0,
    "pending_remaining": 12
  }
}
[2026-09-12 11:11:02] GET https://intrajisbackend.com/api/dte_sii_status/cron
HTTP 200
{
  "message": {
    "status": "success",
    "mode": "one_by_one",
    "processed": 0,
    "checked": 0,
    "updated": 0,
    "still_pending": 0,
    "rejected_alerts": 0,
    "skipped": 12,
    "errors": [],
    "items": [],
    "has_more": true,
    "lookback_days": 30,
    "elapsed_seconds": 0.0,
    "pending_remaining": 12
  }
}
[2026-09-12 11:31:01] GET https://intrajisbackend.com/api/dte_sii_status/cron
HTTP 200
{
  "message": {
    "status": "success",
    "mode": "one_by_one",
    "processed": 0,
    "checked": 0,
    "updated": 0,
    "still_pending": 0,
    "rejected_alerts": 0,
    "skipped": 12,
    "errors": [],
    "items": [],
    "has_more": true,
    "lookback_days": 30,
    "elapsed_seconds": 0.0,
    "pending_remaining": 12
  }
}
[2026-09-12 11:51:02] GET https://intrajisbackend.com/api/dte_sii_status/cron
HTTP 200
{
  "message": {
    "status": "success",
    "mode": "one_by_one",
    "processed": 0,
    "checked": 0,
    "updated": 0,
    "still_pending": 0,
    "rejected_alerts": 0,
    "skipped": 12,
    "errors": [],
    "items": [],
    "has_more": true,
    "lookback_days": 30,
    "elapsed_seconds": 0.0,
    "pending_remaining": 12
  }
}
[2026-09-12 12:11:01] GET https://intrajisbackend.com/api/dte_sii_status/cron
HTTP 200
{
  "message": {
    "status": "success",
    "mode": "one_by_one",
    "processed": 0,
    "checked": 0,
    "updated": 0,
    "still_pending": 0,
    "rejected_alerts": 0,
    "skipped": 12,
    "errors": [],
    "items": [],
    "has_more": true,
    "lookback_days": 30,
    "elapsed_seconds": 0.0,
    "pending_remaining": 12
  }
}
[2026-09-12 12:31:01] GET https://intrajisbackend.com/api/dte_sii_status/cron
HTTP 200
{
  "message": {
    "status": "success",
    "mode": "one_by_one",
    "processed": 0,
    "checked": 0,
    "updated": 0,
    "still_pending": 0,
    "rejected_alerts": 0,
    "skipped": 12,
    "errors": [],
    "items": [],
    "has_more": true,
    "lookback_days": 30,
    "elapsed_seconds": 0.0,
    "pending_remaining": 12
  }
}
[2026-09-12 12:51:02] GET https://intrajisbackend.com/api/dte_sii_status/cron
HTTP 200
{
  "message": {
    "status": "success",
    "mode": "one_by_one",
    "processed": 0,
    "checked": 0,
    "updated": 0,
    "still_pending": 0,
    "rejected_alerts": 0,
    "skipped": 12,
    "errors": [],
    "items": [],
    "has_more": true,
    "lookback_days": 30,
    "elapsed_seconds": 0.0,
    "pending_remaining": 12
  }
}
[2026-09-12 13:11:01] GET https://intrajisbackend.com/api/dte_sii_status/cron
HTTP 200
{
  "message": {
    "status": "success",
    "mode": "one_by_one",
    "processed": 0,
    "checked": 0,
    "updated": 0,
    "still_pending": 0,
    "rejected_alerts": 0,
    "skipped": 12,
    "errors": [],
    "items": [],
    "has_more": true,
    "lookback_days": 30,
    "elapsed_seconds": 0.0,
    "pending_remaining": 12
  }
}
[2026-09-12 13:31:01] GET https://intrajisbackend.com/api/dte_sii_status/cron
HTTP 200
{
  "message": {
    "status": "success",
    "mode": "one_by_one",
    "processed": 0,
    "checked": 0,
    "updated": 0,
    "still_pending": 0,
    "rejected_alerts": 0,
    "skipped": 12,
    "errors": [],
    "items": [],
    "has_more": true,
    "lookback_days": 30,
    "elapsed_seconds": 0.0,
    "pending_remaining": 12
  }
}
[2026-09-13 21:11:05] GET https://intrajisbackend.com/api/dte_sii_status/cron
HTTP 200
{
  "message": {
    "status": "success",
    "mode": "one_by_one",
    "processed": 0,
    "checked": 0,
    "updated": 0,
    "still_pending": 0,
    "rejected_alerts": 0,
    "skipped": 12,
    "errors": [],
    "items": [],
    "has_more": true,
    "lookback_days": 30,
    "elapsed_seconds": 0.0,
    "pending_remaining": 12
  }
}
^C[2026-09-13 21:51:03] GET https://intrajisbackend.com/api/dte_sii_status/cron
HTTP 200
{
  "message": {
    "status": "success",
    "mode": "one_by_one",
    "processed": 0,
    "checked": 0,
    "updated": 0,
    "still_pending": 0,
    "rejected_alerts": 0,
    "skipped": 12,
    "errors": [],
    "items": [],
    "has_more": true,
    "lookback_days": 30,
    "elapsed_seconds": 0.0,
    "pending_remaining": 12
  }
}
[2026-09-13 22:11:03] GET https://intrajisbackend.com/api/dte_sii_status/cron
HTTP 200
{
  "message": {
    "status": "success",
    "mode": "one_by_one",
    "processed": 0,
    "checked": 0,
    "updated": 0,
    "still_pending": 0,
    "rejected_alerts": 0,
    "skipped": 12,
    "errors": [],
    "items": [],
    "has_more": true,
    "lookback_days": 30,
    "elapsed_seconds": 0.0,
    "pending_remaining": 12
  }
}
^C[2026-09-13 22:31:02] GET https://intrajisbackend.com/api/dte_sii_status/cron
HTTP 200
{
  "message": {
    "status": "success",
    "mode": "one_by_one",
    "processed": 0,
    "checked": 0,
    "updated": 0,
    "still_pending": 0,
    "rejected_alerts": 0,
    "skipped": 12,
    "errors": [],
    "items": [],
    "has_more": true,
    "lookback_days": 30,
    "elapsed_seconds": 0.0,
    "pending_remaining": 12
  }
}
^C[2026-09-14 08:31:02] GET https://intrajisbackend.com/api/dte_sii_status/cron
HTTP 200
{
  "message": {
    "status": "success",
    "mode": "one_by_one",
    "processed": 0,
    "checked": 0,
    "updated": 0,
    "still_pending": 0,
    "rejected_alerts": 0,
    "skipped": 12,
    "errors": [],
    "items": [],
    "has_more": true,
    "lookback_days": 30,
    "elapsed_seconds": 0.0,
    "pending_remaining": 12
  }
}
[2026-09-14 08:51:02] GET https://intrajisbackend.com/api/dte_sii_status/cron
HTTP 200
{
  "message": {
    "status": "success",
    "mode": "one_by_one",
    "processed": 0,
    "checked": 0,
    "updated": 0,
    "still_pending": 0,
    "rejected_alerts": 0,
    "skipped": 12,
    "errors": [],
    "items": [],
    "has_more": true,
    "lookback_days": 30,
    "elapsed_seconds": 0.0,
    "pending_remaining": 12
  }
}
[2026-09-14 09:11:02] GET https://intrajisbackend.com/api/dte_sii_status/cron
HTTP 200
{
  "message": {
    "status": "success",
    "mode": "one_by_one",
    "processed": 0,
    "checked": 0,
    "updated": 0,
    "still_pending": 0,
    "rejected_alerts": 0,
    "skipped": 12,
    "errors": [],
    "items": [],
    "has_more": true,
    "lookback_days": 30,
    "elapsed_seconds": 0.0,
    "pending_remaining": 12
  }
}
[2026-09-14 09:31:02] GET https://intrajisbackend.com/api/dte_sii_status/cron
HTTP 200
{
  "message": {
    "status": "success",
    "mode": "one_by_one",
    "processed": 0,
    "checked": 0,
    "updated": 0,
    "still_pending": 0,
    "rejected_alerts": 0,
    "skipped": 12,
    "errors": [],
    "items": [],
    "has_more": true,
    "lookback_days": 30,
    "elapsed_seconds": 0.0,
    "pending_remaining": 12
  }
}
[2026-09-14 09:51:02] GET https://intrajisbackend.com/api/dte_sii_status/cron
HTTP 200
{
  "message": {
    "status": "success",
    "mode": "one_by_one",
    "processed": 0,
    "checked": 0,
    "updated": 0,
    "still_pending": 0,
    "rejected_alerts": 0,
    "skipped": 12,
    "errors": [],
    "items": [],
    "has_more": true,
    "lookback_days": 30,
    "elapsed_seconds": 0.0,
    "pending_remaining": 12
  }
}
[2026-09-14 10:11:02] GET https://intrajisbackend.com/api/dte_sii_status/cron
HTTP 200
{
  "message": {
    "status": "success",
    "mode": "one_by_one",
    "processed": 0,
    "checked": 0,
    "updated": 0,
    "still_pending": 0,
    "rejected_alerts": 0,
    "skipped": 12,
    "errors": [],
    "items": [],
    "has_more": true,
    "lookback_days": 30,
    "elapsed_seconds": 0.0,
    "pending_remaining": 12
  }
}
[2026-09-14 10:31:02] GET https://intrajisbackend.com/api/dte_sii_status/cron
HTTP 200
{
  "message": {
    "status": "success",
    "mode": "one_by_one",
    "processed": 0,
    "checked": 0,
    "updated": 0,
    "still_pending": 0,
    "rejected_alerts": 0,
    "skipped": 12,
    "errors": [],
    "items": [],
    "has_more": true,
    "lookback_days": 30,
    "elapsed_seconds": 0.0,
    "pending_remaining": 12
  }
}
[2026-09-14 10:51:02] GET https://intrajisbackend.com/api/dte_sii_status/cron
HTTP 200
{
  "message": {
    "status": "success",
    "mode": "one_by_one",
    "processed": 0,
    "checked": 0,
    "updated": 0,
    "still_pending": 0,
    "rejected_alerts": 0,
    "skipped": 12,
    "errors": [],
    "items": [],
    "has_more": true,
    "lookback_days": 30,
    "elapsed_seconds": 0.0,
    "pending_remaining": 12
  }
}
[2026-09-14 11:11:02] GET https://intrajisbackend.com/api/dte_sii_status/cron
HTTP 200
{
  "message": {
    "status": "success",
    "mode": "one_by_one",
    "processed": 0,
    "checked": 0,
    "updated": 0,
    "still_pending": 0,
    "rejected_alerts": 0,
    "skipped": 12,
    "errors": [],
    "items": [],
    "has_more": true,
    "lookback_days": 30,
    "elapsed_seconds": 0.0,
    "pending_remaining": 12
  }
}
[2026-09-14 19:37:03] GET https://intrajisbackend.com/api/dte_sii_status/cron
HTTP 200
{
  "message": {
    "status": "success",
    "mode": "one_by_one",
    "processed": 0,
    "checked": 0,
    "updated": 0,
    "still_pending": 0,
    "rejected_alerts": 0,
    "skipped": 12,
    "errors": [],
    "items": [],
    "has_more": true,
    "lookback_days": 30,
    "elapsed_seconds": 0.0,
    "pending_remaining": 12
  }
}
[2026-09-14 19:51:02] GET https://intrajisbackend.com/api/dte_sii_status/cron
HTTP 200
{
  "message": {
    "status": "success",
    "mode": "one_by_one",
    "processed": 0,
    "checked": 0,
    "updated": 0,
    "still_pending": 0,
    "rejected_alerts": 0,
    "skipped": 12,
    "errors": [],
    "items": [],
    "has_more": true,
    "lookback_days": 30,
    "elapsed_seconds": 0.0,
    "pending_remaining": 12
  }
}
[2026-09-14 20:11:02] GET https://intrajisbackend.com/api/dte_sii_status/cron
HTTP 200
{
  "message": {
    "status": "success",
    "mode": "one_by_one",
    "processed": 0,
    "checked": 0,
    "updated": 0,
    "still_pending": 0,
    "rejected_alerts": 0,
    "skipped": 12,
    "errors": [],
    "items": [],
    "has_more": true,
    "lookback_days": 30,
    "elapsed_seconds": 0.0,
    "pending_remaining": 12
  }
}
[2026-09-14 20:31:02] GET https://intrajisbackend.com/api/dte_sii_status/cron
HTTP 200
{
  "message": {
    "status": "success",
    "mode": "one_by_one",
    "processed": 0,
    "checked": 0,
    "updated": 0,
    "still_pending": 0,
    "rejected_alerts": 0,
    "skipped": 12,
    "errors": [],
    "items": [],
    "has_more": true,
    "lookback_days": 30,
    "elapsed_seconds": 0.0,
    "pending_remaining": 12
  }
}
[2026-09-14 20:51:02] GET https://intrajisbackend.com/api/dte_sii_status/cron
HTTP 200
{
  "message": {
    "status": "success",
    "mode": "one_by_one",
    "processed": 0,
    "checked": 0,
    "updated": 0,
    "still_pending": 0,
    "rejected_alerts": 0,
    "skipped": 12,
    "errors": [],
    "items": [],
    "has_more": true,
    "lookback_days": 30,
    "elapsed_seconds": 0.0,
    "pending_remaining": 12
  }
}
[2026-09-14 21:11:02] GET https://intrajisbackend.com/api/dte_sii_status/cron
HTTP 200
{
  "message": {
    "status": "success",
    "mode": "one_by_one",
    "processed": 0,
    "checked": 0,
    "updated": 0,
    "still_pending": 0,
    "rejected_alerts": 0,
    "skipped": 12,
    "errors": [],
    "items": [],
    "has_more": true,
    "lookback_days": 30,
    "elapsed_seconds": 0.0,
    "pending_remaining": 12
  }
}
[2026-09-14 21:31:02] GET https://intrajisbackend.com/api/dte_sii_status/cron
HTTP 200
{
  "message": {
    "status": "success",
    "mode": "one_by_one",
    "processed": 0,
    "checked": 0,
    "updated": 0,
    "still_pending": 0,
    "rejected_alerts": 0,
    "skipped": 12,
    "errors": [],
    "items": [],
    "has_more": true,
    "lookback_days": 30,
    "elapsed_seconds": 0.0,
    "pending_remaining": 12
  }
}
^C[2026-09-14 22:11:02] GET https://intrajisbackend.com/api/dte_sii_status/cron
HTTP 200
{
  "message": {
    "status": "success",
    "mode": "one_by_one",
    "processed": 0,
    "checked": 0,
    "updated": 0,
    "still_pending": 0,
    "rejected_alerts": 0,
    "skipped": 12,
    "errors": [],
    "items": [],
    "has_more": true,
    "lookback_days": 30,
    "elapsed_seconds": 0.0,
    "pending_remaining": 12
  }
}
[2026-09-14 22:31:03] GET https://intrajisbackend.com/api/dte_sii_status/cron
HTTP 200
{
  "message": {
    "status": "success",
    "mode": "one_by_one",
    "processed": 0,
    "checked": 0,
    "updated": 0,
    "still_pending": 0,
    "rejected_alerts": 0,
    "skipped": 12,
    "errors": [],
    "items": [],
    "has_more": true,
    "lookback_days": 30,
    "elapsed_seconds": 0.0,
    "pending_remaining": 12
  }
}
[2026-09-14 22:51:02] GET https://intrajisbackend.com/api/dte_sii_status/cron
HTTP 200
{
  "message": {
    "status": "success",
    "mode": "one_by_one",
    "processed": 0,
    "checked": 0,
    "updated": 0,
    "still_pending": 0,
    "rejected_alerts": 0,
    "skipped": 12,
    "errors": [],
    "items": [],
    "has_more": true,
    "lookback_days": 30,
    "elapsed_seconds": 0.0,
    "pending_remaining": 12
  }
}
^C[2026-09-15 11:31:02] GET https://intrajisbackend.com/api/dte_sii_status/cron
HTTP 200
{
  "message": {
    "status": "success",
    "mode": "one_by_one",
    "processed": 0,
    "checked": 0,
    "updated": 0,
    "still_pending": 0,
    "rejected_alerts": 0,
    "skipped": 12,
    "errors": [],
    "items": [],
    "has_more": true,
    "lookback_days": 30,
    "elapsed_seconds": 0.0,
    "pending_remaining": 12
  }
}
[2026-09-15 11:51:02] GET https://intrajisbackend.com/api/dte_sii_status/cron
HTTP 200
{
  "message": {
    "status": "success",
    "mode": "one_by_one",
    "processed": 0,
    "checked": 0,
    "updated": 0,
    "still_pending": 0,
    "rejected_alerts": 0,
    "skipped": 12,
    "errors": [],
    "items": [],
    "has_more": true,
    "lookback_days": 30,
    "elapsed_seconds": 0.0,
    "pending_remaining": 12
  }
}
[2026-09-15 12:11:02] GET https://intrajisbackend.com/api/dte_sii_status/cron
HTTP 200
{
  "message": {
    "status": "success",
    "mode": "one_by_one",
    "processed": 0,
    "checked": 0,
    "updated": 0,
    "still_pending": 0,
    "rejected_alerts": 0,
    "skipped": 12,
    "errors": [],
    "items": [],
    "has_more": true,
    "lookback_days": 30,
    "elapsed_seconds": 0.0,
    "pending_remaining": 12
  }
}
^C^C[2026-09-15 13:11:02] GET https://intrajisbackend.com/api/dte_sii_status/cron
HTTP 200
{
  "message": {
    "status": "success",
    "mode": "one_by_one",
    "processed": 0,
    "checked": 0,
    "updated": 0,
    "still_pending": 0,
    "rejected_alerts": 0,
    "skipped": 12,
    "errors": [],
    "items": [],
    "has_more": true,
    "lookback_days": 30,
    "elapsed_seconds": 0.0,
    "pending_remaining": 12
  }
}
^C[2026-09-15 13:51:02] GET https://intrajisbackend.com/api/dte_sii_status/cron
HTTP 200
{
  "message": {
    "status": "success",
    "mode": "one_by_one",
    "processed": 0,
    "checked": 0,
    "updated": 0,
    "still_pending": 0,
    "rejected_alerts": 0,
    "skipped": 12,
    "errors": [],
    "items": [],
    "has_more": true,
    "lookback_days": 30,
    "elapsed_seconds": 0.0,
    "pending_remaining": 12
  }
}
[2026-09-15 14:11:02] GET https://intrajisbackend.com/api/dte_sii_status/cron
HTTP 200
{
  "message": {
    "status": "success",
    "mode": "one_by_one",
    "processed": 0,
    "checked": 0,
    "updated": 0,
    "still_pending": 0,
    "rejected_alerts": 0,
    "skipped": 12,
    "errors": [],
    "items": [],
    "has_more": true,
    "lookback_days": 30,
    "elapsed_seconds": 0.0,
    "pending_remaining": 12
  }
}
[2026-09-15 14:31:02] GET https://intrajisbackend.com/api/dte_sii_status/cron
HTTP 200
{
  "message": {
    "status": "success",
    "mode": "one_by_one",
    "processed": 0,
    "checked": 0,
    "updated": 0,
    "still_pending": 0,
    "rejected_alerts": 0,
    "skipped": 12,
    "errors": [],
    "items": [],
    "has_more": true,
    "lookback_days": 30,
    "elapsed_seconds": 0.0,
    "pending_remaining": 12
  }
}
[2026-09-15 14:51:02] GET https://intrajisbackend.com/api/dte_sii_status/cron
HTTP 200
{
  "message": {
    "status": "success",
    "mode": "one_by_one",
    "processed": 0,
    "checked": 0,
    "updated": 0,
    "still_pending": 0,
    "rejected_alerts": 0,
    "skipped": 12,
    "errors": [],
    "items": [],
    "has_more": true,
    "lookback_days": 30,
    "elapsed_seconds": 0.0,
    "pending_remaining": 12
  }
}
[2026-09-15 15:11:02] GET https://intrajisbackend.com/api/dte_sii_status/cron
HTTP 200
{
  "message": {
    "status": "success",
    "mode": "one_by_one",
    "processed": 0,
    "checked": 0,
    "updated": 0,
    "still_pending": 0,
    "rejected_alerts": 0,
    "skipped": 12,
    "errors": [],
    "items": [],
    "has_more": true,
    "lookback_days": 30,
    "elapsed_seconds": 0.0,
    "pending_remaining": 12
  }
}
[2026-09-15 15:31:02] GET https://intrajisbackend.com/api/dte_sii_status/cron
HTTP 200
{
  "message": {
    "status": "success",
    "mode": "one_by_one",
    "processed": 0,
    "checked": 0,
    "updated": 0,
    "still_pending": 0,
    "rejected_alerts": 0,
    "skipped": 12,
    "errors": [],
    "items": [],
    "has_more": true,
    "lookback_days": 30,
    "elapsed_seconds": 0.0,
    "pending_remaining": 12
  }
}
[2026-09-15 15:51:02] GET https://intrajisbackend.com/api/dte_sii_status/cron
HTTP 200
{
  "message": {
    "status": "success",
    "mode": "one_by_one",
    "processed": 0,
    "checked": 0,
    "updated": 0,
    "still_pending": 0,
    "rejected_alerts": 0,
    "skipped": 12,
    "errors": [],
    "items": [],
    "has_more": true,
    "lookback_days": 30,
    "elapsed_seconds": 0.0,
    "pending_remaining": 12
  }
}
[2026-09-15 16:11:02] GET https://intrajisbackend.com/api/dte_sii_status/cron
HTTP 200
{
  "message": {
    "status": "success",
    "mode": "one_by_one",
    "processed": 0,
    "checked": 0,
    "updated": 0,
    "still_pending": 0,
    "rejected_alerts": 0,
    "skipped": 12,
    "errors": [],
    "items": [],
    "has_more": true,
    "lookback_days": 30,
    "elapsed_seconds": 0.0,
    "pending_remaining": 12
  }
}
[2026-09-15 16:31:02] GET https://intrajisbackend.com/api/dte_sii_status/cron
HTTP 200
{
  "message": {
    "status": "success",
    "mode": "one_by_one",
    "processed": 0,
    "checked": 0,
    "updated": 0,
    "still_pending": 0,
    "rejected_alerts": 0,
    "skipped": 12,
    "errors": [],
    "items": [],
    "has_more": true,
    "lookback_days": 30,
    "elapsed_seconds": 0.0,
    "pending_remaining": 12
  }
}
^C[2026-09-15 17:11:02] GET https://intrajisbackend.com/api/dte_sii_status/cron
HTTP 200
{
  "message": {
    "status": "success",
    "mode": "one_by_one",
    "processed": 1,
    "checked": 1,
    "updated": 0,
    "still_pending": 1,
    "rejected_alerts": 0,
    "skipped": 12,
    "errors": [],
    "items": [
      {
        "id": 11809220,
        "folio": 33475806,
        "dte_type_id": 39,
        "prev_sii_status_id": 1,
        "sii_status_id": 1
      }
    ],
    "has_more": true,
    "lookback_days": 30,
    "elapsed_seconds": 1.5,
    "pending_remaining": 13
  }
}
[2026-09-15 17:31:02] GET https://intrajisbackend.com/api/dte_sii_status/cron
HTTP 200
{
  "message": {
    "status": "success",
    "mode": "one_by_one",
    "processed": 0,
    "checked": 0,
    "updated": 0,
    "still_pending": 0,
    "rejected_alerts": 0,
    "skipped": 12,
    "errors": [],
    "items": [],
    "has_more": true,
    "lookback_days": 30,
    "elapsed_seconds": 0.0,
    "pending_remaining": 12
  }
}
[2026-09-15 17:51:02] GET https://intrajisbackend.com/api/dte_sii_status/cron
HTTP 200
{
  "message": {
    "status": "success",
    "mode": "one_by_one",
    "processed": 0,
    "checked": 0,
    "updated": 0,
    "still_pending": 0,
    "rejected_alerts": 0,
    "skipped": 12,
    "errors": [],
    "items": [],
    "has_more": true,
    "lookback_days": 30,
    "elapsed_seconds": 0.0,
    "pending_remaining": 12
  }
}
[2026-09-15 18:11:02] GET https://intrajisbackend.com/api/dte_sii_status/cron
HTTP 200
{
  "message": {
    "status": "success",
    "mode": "one_by_one",
    "processed": 0,
    "checked": 0,
    "updated": 0,
    "still_pending": 0,
    "rejected_alerts": 0,
    "skipped": 12,
    "errors": [],
    "items": [],
    "has_more": true,
    "lookback_days": 30,
    "elapsed_seconds": 0.0,
    "pending_remaining": 12
  }
}
[2026-09-15 18:31:02] GET https://intrajisbackend.com/api/dte_sii_status/cron
HTTP 200
{
  "message": {
    "status": "success",
    "mode": "one_by_one",
    "processed": 0,
    "checked": 0,
    "updated": 0,
    "still_pending": 0,
    "rejected_alerts": 0,
    "skipped": 12,
    "errors": [],
    "items": [],
    "has_more": true,
    "lookback_days": 30,
    "elapsed_seconds": 0.0,
    "pending_remaining": 12
  }
}
[2026-09-15 18:51:02] GET https://intrajisbackend.com/api/dte_sii_status/cron
HTTP 200
{
  "message": {
    "status": "success",
    "mode": "one_by_one",
    "processed": 0,
    "checked": 0,
    "updated": 0,
    "still_pending": 0,
    "rejected_alerts": 0,
    "skipped": 12,
    "errors": [],
    "items": [],
    "has_more": true,
    "lookback_days": 30,
    "elapsed_seconds": 0.0,
    "pending_remaining": 12
  }
}
[2026-09-15 19:11:02] GET https://intrajisbackend.com/api/dte_sii_status/cron
HTTP 200
{
  "message": {
    "status": "success",
    "mode": "one_by_one",
    "processed": 0,
    "checked": 0,
    "updated": 0,
    "still_pending": 0,
    "rejected_alerts": 0,
    "skipped": 12,
    "errors": [],
    "items": [],
    "has_more": true,
    "lookback_days": 30,
    "elapsed_seconds": 0.0,
    "pending_remaining": 12
  }
}
[2026-09-15 19:31:02] GET https://intrajisbackend.com/api/dte_sii_status/cron
HTTP 200
{
  "message": {
    "status": "success",
    "mode": "one_by_one",
    "processed": 0,
    "checked": 0,
    "updated": 0,
    "still_pending": 0,
    "rejected_alerts": 0,
    "skipped": 12,
    "errors": [],
    "items": [],
    "has_more": true,
    "lookback_days": 30,
    "elapsed_seconds": 0.0,
    "pending_remaining": 12
  }
}
[2026-09-15 19:51:02] GET https://intrajisbackend.com/api/dte_sii_status/cron
HTTP 200
{
  "message": {
    "status": "success",
    "mode": "one_by_one",
    "processed": 0,
    "checked": 0,
    "updated": 0,
    "still_pending": 0,
    "rejected_alerts": 0,
    "skipped": 12,
    "errors": [],
    "items": [],
    "has_more": true,
    "lookback_days": 30,
    "elapsed_seconds": 0.0,
    "pending_remaining": 12
  }
}
[2026-09-15 20:11:02] GET https://intrajisbackend.com/api/dte_sii_status/cron
HTTP 200
{
  "message": {
    "status": "success",
    "mode": "one_by_one",
    "processed": 0,
    "checked": 0,
    "updated": 0,
    "still_pending": 0,
    "rejected_alerts": 0,
    "skipped": 12,
    "errors": [],
    "items": [],
    "has_more": true,
    "lookback_days": 30,
    "elapsed_seconds": 0.0,
    "pending_remaining": 12
  }
}
[2026-09-15 20:31:02] GET https://intrajisbackend.com/api/dte_sii_status/cron
HTTP 200
{
  "message": {
    "status": "success",
    "mode": "one_by_one",
    "processed": 0,
    "checked": 0,
    "updated": 0,
    "still_pending": 0,
    "rejected_alerts": 0,
    "skipped": 12,
    "errors": [],
    "items": [],
    "has_more": true,
    "lookback_days": 30,
    "elapsed_seconds": 0.0,
    "pending_remaining": 12
  }
}
[2026-09-15 20:51:02] GET https://intrajisbackend.com/api/dte_sii_status/cron
HTTP 200
{
  "message": {
    "status": "success",
    "mode": "one_by_one",
    "processed": 0,
    "checked": 0,
    "updated": 0,
    "still_pending": 0,
    "rejected_alerts": 0,
    "skipped": 12,
    "errors": [],
    "items": [],
    "has_more": true,
    "lookback_days": 30,
    "elapsed_seconds": 0.0,
    "pending_remaining": 12
  }
}
[2026-09-15 21:11:02] GET https://intrajisbackend.com/api/dte_sii_status/cron
HTTP 200
{
  "message": {
    "status": "success",
    "mode": "one_by_one",
    "processed": 0,
    "checked": 0,
    "updated": 0,
    "still_pending": 0,
    "rejected_alerts": 0,
    "skipped": 12,
    "errors": [],
    "items": [],
    "has_more": true,
    "lookback_days": 30,
    "elapsed_seconds": 0.0,
    "pending_remaining": 12
  }
}
[2026-09-15 21:31:02] GET https://intrajisbackend.com/api/dte_sii_status/cron
HTTP 200
{
  "message": {
    "status": "success",
    "mode": "one_by_one",
    "processed": 0,
    "checked": 0,
    "updated": 0,
    "still_pending": 0,
    "rejected_alerts": 0,
    "skipped": 12,
    "errors": [],
    "items": [],
    "has_more": true,
    "lookback_days": 30,
    "elapsed_seconds": 0.0,
    "pending_remaining": 12
  }
}
[2026-09-15 21:51:02] GET https://intrajisbackend.com/api/dte_sii_status/cron
HTTP 200
{
  "message": {
    "status": "success",
    "mode": "one_by_one",
    "processed": 0,
    "checked": 0,
    "updated": 0,
    "still_pending": 0,
    "rejected_alerts": 0,
    "skipped": 12,
    "errors": [],
    "items": [],
    "has_more": true,
    "lookback_days": 30,
    "elapsed_seconds": 0.0,
    "pending_remaining": 12
  }
}
[2026-09-15 22:11:02] GET https://intrajisbackend.com/api/dte_sii_status/cron
HTTP 200
{
  "message": {
    "status": "success",
    "mode": "one_by_one",
    "processed": 0,
    "checked": 0,
    "updated": 0,
    "still_pending": 0,
    "rejected_alerts": 0,
    "skipped": 12,
    "errors": [],
    "items": [],
    "has_more": true,
    "lookback_days": 30,
    "elapsed_seconds": 0.0,
    "pending_remaining": 12
  }
}
[2026-09-15 22:31:02] GET https://intrajisbackend.com/api/dte_sii_status/cron
HTTP 200
{
  "message": {
    "status": "success",
    "mode": "one_by_one",
    "processed": 0,
    "checked": 0,
    "updated": 0,
    "still_pending": 0,
    "rejected_alerts": 0,
    "skipped": 12,
    "errors": [],
    "items": [],
    "has_more": true,
    "lookback_days": 30,
    "elapsed_seconds": 0.0,
    "pending_remaining": 12
  }
}
[2026-09-15 22:51:02] GET https://intrajisbackend.com/api/dte_sii_status/cron
HTTP 200
{
  "message": {
    "status": "success",
    "mode": "one_by_one",
    "processed": 0,
    "checked": 0,
    "updated": 0,
    "still_pending": 0,
    "rejected_alerts": 0,
    "skipped": 12,
    "errors": [],
    "items": [],
    "has_more": true,
    "lookback_days": 30,
    "elapsed_seconds": 0.0,
    "pending_remaining": 12
  }
}
[2026-09-15 23:11:02] GET https://intrajisbackend.com/api/dte_sii_status/cron
HTTP 200
{
  "message": {
    "status": "success",
    "mode": "one_by_one",
    "processed": 0,
    "checked": 0,
    "updated": 0,
    "still_pending": 0,
    "rejected_alerts": 0,
    "skipped": 12,
    "errors": [],
    "items": [],
    "has_more": true,
    "lookback_days": 30,
    "elapsed_seconds": 0.0,
    "pending_remaining": 12
  }
}
[2026-09-15 23:31:02] GET https://intrajisbackend.com/api/dte_sii_status/cron
HTTP 200
{
  "message": {
    "status": "success",
    "mode": "one_by_one",
    "processed": 0,
    "checked": 0,
    "updated": 0,
    "still_pending": 0,
    "rejected_alerts": 0,
    "skipped": 12,
    "errors": [],
    "items": [],
    "has_more": true,
    "lookback_days": 30,
    "elapsed_seconds": 0.0,
    "pending_remaining": 12
  }
}
[2026-09-15 23:51:02] GET https://intrajisbackend.com/api/dte_sii_status/cron
HTTP 200
{
  "message": {
    "status": "success",
    "mode": "one_by_one",
    "processed": 0,
    "checked": 0,
    "updated": 0,
    "still_pending": 0,
    "rejected_alerts": 0,
    "skipped": 12,
    "errors": [],
    "items": [],
    "has_more": true,
    "lookback_days": 30,
    "elapsed_seconds": 0.0,
    "pending_remaining": 12
  }
}
[2026-09-16 00:11:02] GET https://intrajisbackend.com/api/dte_sii_status/cron
HTTP 200
{
  "message": {
    "status": "success",
    "mode": "one_by_one",
    "processed": 0,
    "checked": 0,
    "updated": 0,
    "still_pending": 0,
    "rejected_alerts": 0,
    "skipped": 12,
    "errors": [],
    "items": [],
    "has_more": true,
    "lookback_days": 30,
    "elapsed_seconds": 0.0,
    "pending_remaining": 12
  }
}
[2026-09-16 00:31:02] GET https://intrajisbackend.com/api/dte_sii_status/cron
HTTP 200
{
  "message": {
    "status": "success",
    "mode": "one_by_one",
    "processed": 0,
    "checked": 0,
    "updated": 0,
    "still_pending": 0,
    "rejected_alerts": 0,
    "skipped": 12,
    "errors": [],
    "items": [],
    "has_more": true,
    "lookback_days": 30,
    "elapsed_seconds": 0.0,
    "pending_remaining": 12
  }
}
[2026-09-17 23:07:22] GET https://intrajisbackend.com/api/dte_sii_status/cron
HTTP 200
{
  "message": {
    "status": "success",
    "mode": "one_by_one",
    "processed": 0,
    "checked": 0,
    "updated": 0,
    "still_pending": 0,
    "rejected_alerts": 0,
    "skipped": 12,
    "errors": [],
    "items": [],
    "has_more": true,
    "lookback_days": 30,
    "elapsed_seconds": 0.0,
    "pending_remaining": 12
  }
}
[2026-09-17 23:31:06] GET https://intrajisbackend.com/api/dte_sii_status/cron
HTTP 200
{
  "message": {
    "status": "success",
    "mode": "one_by_one",
    "processed": 0,
    "checked": 0,
    "updated": 0,
    "still_pending": 0,
    "rejected_alerts": 0,
    "skipped": 12,
    "errors": [],
    "items": [],
    "has_more": true,
    "lookback_days": 30,
    "elapsed_seconds": 0.0,
    "pending_remaining": 12
  }
}
[2026-09-17 23:51:02] GET https://intrajisbackend.com/api/dte_sii_status/cron
HTTP 200
{
  "message": {
    "status": "success",
    "mode": "one_by_one",
    "processed": 0,
    "checked": 0,
    "updated": 0,
    "still_pending": 0,
    "rejected_alerts": 0,
    "skipped": 12,
    "errors": [],
    "items": [],
    "has_more": true,
    "lookback_days": 30,
    "elapsed_seconds": 0.0,
    "pending_remaining": 12
  }
}
[2026-09-18 00:11:02] GET https://intrajisbackend.com/api/dte_sii_status/cron
HTTP 200
{
  "message": {
    "status": "success",
    "mode": "one_by_one",
    "processed": 0,
    "checked": 0,
    "updated": 0,
    "still_pending": 0,
    "rejected_alerts": 0,
    "skipped": 12,
    "errors": [],
    "items": [],
    "has_more": true,
    "lookback_days": 30,
    "elapsed_seconds": 0.0,
    "pending_remaining": 12
  }
}
[2026-09-18 00:31:02] GET https://intrajisbackend.com/api/dte_sii_status/cron
HTTP 200
{
  "message": {
    "status": "success",
    "mode": "one_by_one",
    "processed": 0,
    "checked": 0,
    "updated": 0,
    "still_pending": 0,
    "rejected_alerts": 0,
    "skipped": 12,
    "errors": [],
    "items": [],
    "has_more": true,
    "lookback_days": 30,
    "elapsed_seconds": 0.0,
    "pending_remaining": 12
  }
}
[2026-09-18 00:51:02] GET https://intrajisbackend.com/api/dte_sii_status/cron
HTTP 200
{
  "message": {
    "status": "success",
    "mode": "one_by_one",
    "processed": 0,
    "checked": 0,
    "updated": 0,
    "still_pending": 0,
    "rejected_alerts": 0,
    "skipped": 12,
    "errors": [],
    "items": [],
    "has_more": true,
    "lookback_days": 30,
    "elapsed_seconds": 0.0,
    "pending_remaining": 12
  }
}
[2026-09-18 01:11:13] GET https://intrajisbackend.com/api/dte_sii_status/cron
HTTP 200
{
  "message": {
    "status": "success",
    "mode": "one_by_one",
    "processed": 0,
    "checked": 0,
    "updated": 0,
    "still_pending": 0,
    "rejected_alerts": 0,
    "skipped": 12,
    "errors": [],
    "items": [],
    "has_more": true,
    "lookback_days": 30,
    "elapsed_seconds": 0.0,
    "pending_remaining": 12
  }
}
[2026-09-18 01:31:09] GET https://intrajisbackend.com/api/dte_sii_status/cron
HTTP 200
{
  "message": {
    "status": "success",
    "mode": "one_by_one",
    "processed": 0,
    "checked": 0,
    "updated": 0,
    "still_pending": 0,
    "rejected_alerts": 0,
    "skipped": 12,
    "errors": [],
    "items": [],
    "has_more": true,
    "lookback_days": 30,
    "elapsed_seconds": 0.0,
    "pending_remaining": 12
  }
}
[2026-09-18 23:09:15] GET https://intrajisbackend.com/api/dte_sii_status/cron
HTTP 200
{
  "message": {
    "status": "success",
    "mode": "one_by_one",
    "processed": 0,
    "checked": 0,
    "updated": 0,
    "still_pending": 0,
    "rejected_alerts": 0,
    "skipped": 12,
    "errors": [],
    "items": [],
    "has_more": true,
    "lookback_days": 30,
    "elapsed_seconds": 0.0,
    "pending_remaining": 12
  }
}
[2026-09-18 23:31:02] GET https://intrajisbackend.com/api/dte_sii_status/cron
HTTP 200
{
  "message": {
    "status": "success",
    "mode": "one_by_one",
    "processed": 0,
    "checked": 0,
    "updated": 0,
    "still_pending": 0,
    "rejected_alerts": 0,
    "skipped": 12,
    "errors": [],
    "items": [],
    "has_more": true,
    "lookback_days": 30,
    "elapsed_seconds": 0.0,
    "pending_remaining": 12
  }
}
[2026-09-18 23:51:02] GET https://intrajisbackend.com/api/dte_sii_status/cron
HTTP 200
{
  "message": {
    "status": "success",
    "mode": "one_by_one",
    "processed": 0,
    "checked": 0,
    "updated": 0,
    "still_pending": 0,
    "rejected_alerts": 0,
    "skipped": 12,
    "errors": [],
    "items": [],
    "has_more": true,
    "lookback_days": 30,
    "elapsed_seconds": 0.0,
    "pending_remaining": 12
  }
}
[2026-09-19 00:11:02] GET https://intrajisbackend.com/api/dte_sii_status/cron
HTTP 200
{
  "message": {
    "status": "success",
    "mode": "one_by_one",
    "processed": 0,
    "checked": 0,
    "updated": 0,
    "still_pending": 0,
    "rejected_alerts": 0,
    "skipped": 12,
    "errors": [],
    "items": [],
    "has_more": true,
    "lookback_days": 30,
    "elapsed_seconds": 0.0,
    "pending_remaining": 12
  }
}
^C[2026-09-19 00:51:02] GET https://intrajisbackend.com/api/dte_sii_status/cron
HTTP 200
{
  "message": {
    "status": "success",
    "mode": "one_by_one",
    "processed": 0,
    "checked": 0,
    "updated": 0,
    "still_pending": 0,
    "rejected_alerts": 0,
    "skipped": 12,
    "errors": [],
    "items": [],
    "has_more": true,
    "lookback_days": 30,
    "elapsed_seconds": 0.0,
    "pending_remaining": 12
  }
}
[2026-09-19 01:11:02] GET https://intrajisbackend.com/api/dte_sii_status/cron
HTTP 200
{
  "message": {
    "status": "success",
    "mode": "one_by_one",
    "processed": 0,
    "checked": 0,
    "updated": 0,
    "still_pending": 0,
    "rejected_alerts": 0,
    "skipped": 12,
    "errors": [],
    "items": [],
    "has_more": true,
    "lookback_days": 30,
    "elapsed_seconds": 0.0,
    "pending_remaining": 12
  }
}
^C[2026-09-20 11:31:03] GET https://intrajisbackend.com/api/dte_sii_status/cron
HTTP 200
{
  "message": {
    "status": "success",
    "mode": "one_by_one",
    "processed": 0,
    "checked": 0,
    "updated": 0,
    "still_pending": 0,
    "rejected_alerts": 0,
    "skipped": 12,
    "errors": [],
    "items": [],
    "has_more": true,
    "lookback_days": 30,
    "elapsed_seconds": 0.0,
    "pending_remaining": 12
  }
}
[2026-09-20 11:51:02] GET https://intrajisbackend.com/api/dte_sii_status/cron
HTTP 200
{
  "message": {
    "status": "success",
    "mode": "one_by_one",
    "processed": 0,
    "checked": 0,
    "updated": 0,
    "still_pending": 0,
    "rejected_alerts": 0,
    "skipped": 12,
    "errors": [],
    "items": [],
    "has_more": true,
    "lookback_days": 30,
    "elapsed_seconds": 0.0,
    "pending_remaining": 12
  }
}
[2026-09-20 12:11:02] GET https://intrajisbackend.com/api/dte_sii_status/cron
HTTP 200
{
  "message": {
    "status": "success",
    "mode": "one_by_one",
    "processed": 0,
    "checked": 0,
    "updated": 0,
    "still_pending": 0,
    "rejected_alerts": 0,
    "skipped": 12,
    "errors": [],
    "items": [],
    "has_more": true,
    "lookback_days": 30,
    "elapsed_seconds": 0.0,
    "pending_remaining": 12
  }
}
^C[2026-09-20 12:51:02] GET https://intrajisbackend.com/api/dte_sii_status/cron
HTTP 200
{
  "message": {
    "status": "success",
    "mode": "one_by_one",
    "processed": 0,
    "checked": 0,
    "updated": 0,
    "still_pending": 0,
    "rejected_alerts": 0,
    "skipped": 12,
    "errors": [],
    "items": [],
    "has_more": true,
    "lookback_days": 30,
    "elapsed_seconds": 0.0,
    "pending_remaining": 12
  }
}
[2026-09-20 13:11:07] GET https://intrajisbackend.com/api/dte_sii_status/cron
HTTP 200
{
  "message": {
    "status": "success",
    "mode": "one_by_one",
    "processed": 0,
    "checked": 0,
    "updated": 0,
    "still_pending": 0,
    "rejected_alerts": 0,
    "skipped": 12,
    "errors": [],
    "items": [],
    "has_more": true,
    "lookback_days": 30,
    "elapsed_seconds": 0.0,
    "pending_remaining": 12
  }
}
[2026-09-20 13:31:02] GET https://intrajisbackend.com/api/dte_sii_status/cron
HTTP 200
{
  "message": {
    "status": "success",
    "mode": "one_by_one",
    "processed": 0,
    "checked": 0,
    "updated": 0,
    "still_pending": 0,
    "rejected_alerts": 0,
    "skipped": 12,
    "errors": [],
    "items": [],
    "has_more": true,
    "lookback_days": 30,
    "elapsed_seconds": 0.0,
    "pending_remaining": 12
  }
}
[2026-09-20 13:51:02] GET https://intrajisbackend.com/api/dte_sii_status/cron
HTTP 200
{
  "message": {
    "status": "success",
    "mode": "one_by_one",
    "processed": 0,
    "checked": 0,
    "updated": 0,
    "still_pending": 0,
    "rejected_alerts": 0,
    "skipped": 12,
    "errors": [],
    "items": [],
    "has_more": true,
    "lookback_days": 30,
    "elapsed_seconds": 0.0,
    "pending_remaining": 12
  }
}
[2026-09-20 14:11:02] GET https://intrajisbackend.com/api/dte_sii_status/cron
HTTP 200
{
  "message": {
    "status": "success",
    "mode": "one_by_one",
    "processed": 0,
    "checked": 0,
    "updated": 0,
    "still_pending": 0,
    "rejected_alerts": 0,
    "skipped": 12,
    "errors": [],
    "items": [],
    "has_more": true,
    "lookback_days": 30,
    "elapsed_seconds": 0.0,
    "pending_remaining": 12
  }
}
[2026-09-20 14:31:02] GET https://intrajisbackend.com/api/dte_sii_status/cron
HTTP 200
{
  "message": {
    "status": "success",
    "mode": "one_by_one",
    "processed": 0,
    "checked": 0,
    "updated": 0,
    "still_pending": 0,
    "rejected_alerts": 0,
    "skipped": 12,
    "errors": [],
    "items": [],
    "has_more": true,
    "lookback_days": 30,
    "elapsed_seconds": 0.0,
    "pending_remaining": 12
  }
}
[2026-09-20 14:51:02] GET https://intrajisbackend.com/api/dte_sii_status/cron
HTTP 200
{
  "message": {
    "status": "success",
    "mode": "one_by_one",
    "processed": 0,
    "checked": 0,
    "updated": 0,
    "still_pending": 0,
    "rejected_alerts": 0,
    "skipped": 12,
    "errors": [],
    "items": [],
    "has_more": true,
    "lookback_days": 30,
    "elapsed_seconds": 0.0,
    "pending_remaining": 12
  }
}
[2026-09-20 15:11:02] GET https://intrajisbackend.com/api/dte_sii_status/cron
HTTP 200
{
  "message": {
    "status": "success",
    "mode": "one_by_one",
    "processed": 0,
    "checked": 0,
    "updated": 0,
    "still_pending": 0,
    "rejected_alerts": 0,
    "skipped": 12,
    "errors": [],
    "items": [],
    "has_more": true,
    "lookback_days": 30,
    "elapsed_seconds": 0.0,
    "pending_remaining": 12
  }
}
[2026-09-20 15:31:02] GET https://intrajisbackend.com/api/dte_sii_status/cron
HTTP 200
{
  "message": {
    "status": "success",
    "mode": "one_by_one",
    "processed": 0,
    "checked": 0,
    "updated": 0,
    "still_pending": 0,
    "rejected_alerts": 0,
    "skipped": 12,
    "errors": [],
    "items": [],
    "has_more": true,
    "lookback_days": 30,
    "elapsed_seconds": 0.0,
    "pending_remaining": 12
  }
}
[2026-09-20 15:51:02] GET https://intrajisbackend.com/api/dte_sii_status/cron
HTTP 200
{
  "message": {
    "status": "success",
    "mode": "one_by_one",
    "processed": 0,
    "checked": 0,
    "updated": 0,
    "still_pending": 0,
    "rejected_alerts": 0,
    "skipped": 12,
    "errors": [],
    "items": [],
    "has_more": true,
    "lookback_days": 30,
    "elapsed_seconds": 0.0,
    "pending_remaining": 12
  }
}
[2026-09-20 16:11:02] GET https://intrajisbackend.com/api/dte_sii_status/cron
HTTP 200
{
  "message": {
    "status": "success",
    "mode": "one_by_one",
    "processed": 0,
    "checked": 0,
    "updated": 0,
    "still_pending": 0,
    "rejected_alerts": 0,
    "skipped": 12,
    "errors": [],
    "items": [],
    "has_more": true,
    "lookback_days": 30,
    "elapsed_seconds": 0.0,
    "pending_remaining": 12
  }
}
[2026-09-20 16:31:02] GET https://intrajisbackend.com/api/dte_sii_status/cron
HTTP 200
{
  "message": {
    "status": "success",
    "mode": "one_by_one",
    "processed": 0,
    "checked": 0,
    "updated": 0,
    "still_pending": 0,
    "rejected_alerts": 0,
    "skipped": 12,
    "errors": [],
    "items": [],
    "has_more": true,
    "lookback_days": 30,
    "elapsed_seconds": 0.0,
    "pending_remaining": 12
  }
}
[2026-09-20 16:51:02] GET https://intrajisbackend.com/api/dte_sii_status/cron
HTTP 200
{
  "message": {
    "status": "success",
    "mode": "one_by_one",
    "processed": 0,
    "checked": 0,
    "updated": 0,
    "still_pending": 0,
    "rejected_alerts": 0,
    "skipped": 12,
    "errors": [],
    "items": [],
    "has_more": true,
    "lookback_days": 30,
    "elapsed_seconds": 0.0,
    "pending_remaining": 12
  }
}
[2026-09-20 17:11:02] GET https://intrajisbackend.com/api/dte_sii_status/cron
HTTP 200
{
  "message": {
    "status": "success",
    "mode": "one_by_one",
    "processed": 0,
    "checked": 0,
    "updated": 0,
    "still_pending": 0,
    "rejected_alerts": 0,
    "skipped": 12,
    "errors": [],
    "items": [],
    "has_more": true,
    "lookback_days": 30,
    "elapsed_seconds": 0.0,
    "pending_remaining": 12
  }
}
[2026-09-20 17:31:02] GET https://intrajisbackend.com/api/dte_sii_status/cron
HTTP 200
{
  "message": {
    "status": "success",
    "mode": "one_by_one",
    "processed": 0,
    "checked": 0,
    "updated": 0,
    "still_pending": 0,
    "rejected_alerts": 0,
    "skipped": 12,
    "errors": [],
    "items": [],
    "has_more": true,
    "lookback_days": 30,
    "elapsed_seconds": 0.0,
    "pending_remaining": 12
  }
}
[2026-09-20 17:51:02] GET https://intrajisbackend.com/api/dte_sii_status/cron
HTTP 200
{
  "message": {
    "status": "success",
    "mode": "one_by_one",
    "processed": 0,
    "checked": 0,
    "updated": 0,
    "still_pending": 0,
    "rejected_alerts": 0,
    "skipped": 12,
    "errors": [],
    "items": [],
    "has_more": true,
    "lookback_days": 30,
    "elapsed_seconds": 0.0,
    "pending_remaining": 12
  }
}
[2026-09-20 18:11:02] GET https://intrajisbackend.com/api/dte_sii_status/cron
HTTP 200
{
  "message": {
    "status": "success",
    "mode": "one_by_one",
    "processed": 0,
    "checked": 0,
    "updated": 0,
    "still_pending": 0,
    "rejected_alerts": 0,
    "skipped": 12,
    "errors": [],
    "items": [],
    "has_more": true,
    "lookback_days": 30,
    "elapsed_seconds": 0.0,
    "pending_remaining": 12
  }
}
[2026-09-20 18:31:02] GET https://intrajisbackend.com/api/dte_sii_status/cron
HTTP 200
{
  "message": {
    "status": "success",
    "mode": "one_by_one",
    "processed": 0,
    "checked": 0,
    "updated": 0,
    "still_pending": 0,
    "rejected_alerts": 0,
    "skipped": 12,
    "errors": [],
    "items": [],
    "has_more": true,
    "lookback_days": 30,
    "elapsed_seconds": 0.0,
    "pending_remaining": 12
  }
}
[2026-09-20 18:51:02] GET https://intrajisbackend.com/api/dte_sii_status/cron
HTTP 200
{
  "message": {
    "status": "success",
    "mode": "one_by_one",
    "processed": 0,
    "checked": 0,
    "updated": 0,
    "still_pending": 0,
    "rejected_alerts": 0,
    "skipped": 12,
    "errors": [],
    "items": [],
    "has_more": true,
    "lookback_days": 30,
    "elapsed_seconds": 0.0,
    "pending_remaining": 12
  }
}
[2026-09-20 19:11:02] GET https://intrajisbackend.com/api/dte_sii_status/cron
HTTP 200
{
  "message": {
    "status": "success",
    "mode": "one_by_one",
    "processed": 0,
    "checked": 0,
    "updated": 0,
    "still_pending": 0,
    "rejected_alerts": 0,
    "skipped": 12,
    "errors": [],
    "items": [],
    "has_more": true,
    "lookback_days": 30,
    "elapsed_seconds": 0.0,
    "pending_remaining": 12
  }
}
[2026-09-20 19:31:02] GET https://intrajisbackend.com/api/dte_sii_status/cron
HTTP 200
{
  "message": {
    "status": "success",
    "mode": "one_by_one",
    "processed": 0,
    "checked": 0,
    "updated": 0,
    "still_pending": 0,
    "rejected_alerts": 0,
    "skipped": 12,
    "errors": [],
    "items": [],
    "has_more": true,
    "lookback_days": 30,
    "elapsed_seconds": 0.0,
    "pending_remaining": 12
  }
}
[2026-09-20 19:51:02] GET https://intrajisbackend.com/api/dte_sii_status/cron
HTTP 200
{
  "message": {
    "status": "success",
    "mode": "one_by_one",
    "processed": 0,
    "checked": 0,
    "updated": 0,
    "still_pending": 0,
    "rejected_alerts": 0,
    "skipped": 12,
    "errors": [],
    "items": [],
    "has_more": true,
    "lookback_days": 30,
    "elapsed_seconds": 0.0,
    "pending_remaining": 12
  }
}
[2026-09-20 20:11:02] GET https://intrajisbackend.com/api/dte_sii_status/cron
HTTP 200
{
  "message": {
    "status": "success",
    "mode": "one_by_one",
    "processed": 0,
    "checked": 0,
    "updated": 0,
    "still_pending": 0,
    "rejected_alerts": 0,
    "skipped": 12,
    "errors": [],
    "items": [],
    "has_more": true,
    "lookback_days": 30,
    "elapsed_seconds": 0.0,
    "pending_remaining": 12
  }
}
[2026-09-20 20:31:02] GET https://intrajisbackend.com/api/dte_sii_status/cron
HTTP 200
{
  "message": {
    "status": "success",
    "mode": "one_by_one",
    "processed": 0,
    "checked": 0,
    "updated": 0,
    "still_pending": 0,
    "rejected_alerts": 0,
    "skipped": 12,
    "errors": [],
    "items": [],
    "has_more": true,
    "lookback_days": 30,
    "elapsed_seconds": 0.0,
    "pending_remaining": 12
  }
}
[2026-09-20 20:51:02] GET https://intrajisbackend.com/api/dte_sii_status/cron
HTTP 200
{
  "message": {
    "status": "success",
    "mode": "one_by_one",
    "processed": 0,
    "checked": 0,
    "updated": 0,
    "still_pending": 0,
    "rejected_alerts": 0,
    "skipped": 12,
    "errors": [],
    "items": [],
    "has_more": true,
    "lookback_days": 30,
    "elapsed_seconds": 0.0,
    "pending_remaining": 12
  }
}
[2026-09-20 21:11:02] GET https://intrajisbackend.com/api/dte_sii_status/cron
HTTP 200
{
  "message": {
    "status": "success",
    "mode": "one_by_one",
    "processed": 0,
    "checked": 0,
    "updated": 0,
    "still_pending": 0,
    "rejected_alerts": 0,
    "skipped": 12,
    "errors": [],
    "items": [],
    "has_more": true,
    "lookback_days": 30,
    "elapsed_seconds": 0.0,
    "pending_remaining": 12
  }
}
[2026-09-20 21:31:02] GET https://intrajisbackend.com/api/dte_sii_status/cron
HTTP 200
{
  "message": {
    "status": "success",
    "mode": "one_by_one",
    "processed": 0,
    "checked": 0,
    "updated": 0,
    "still_pending": 0,
    "rejected_alerts": 0,
    "skipped": 12,
    "errors": [],
    "items": [],
    "has_more": true,
    "lookback_days": 30,
    "elapsed_seconds": 0.0,
    "pending_remaining": 12
  }
}
[2026-09-20 21:51:02] GET https://intrajisbackend.com/api/dte_sii_status/cron
HTTP 200
{
  "message": {
    "status": "success",
    "mode": "one_by_one",
    "processed": 0,
    "checked": 0,
    "updated": 0,
    "still_pending": 0,
    "rejected_alerts": 0,
    "skipped": 12,
    "errors": [],
    "items": [],
    "has_more": true,
    "lookback_days": 30,
    "elapsed_seconds": 0.0,
    "pending_remaining": 12
  }
}
[2026-09-20 22:11:02] GET https://intrajisbackend.com/api/dte_sii_status/cron
HTTP 200
{
  "message": {
    "status": "success",
    "mode": "one_by_one",
    "processed": 0,
    "checked": 0,
    "updated": 0,
    "still_pending": 0,
    "rejected_alerts": 0,
    "skipped": 12,
    "errors": [],
    "items": [],
    "has_more": true,
    "lookback_days": 30,
    "elapsed_seconds": 0.0,
    "pending_remaining": 12
  }
}
[2026-09-21 19:26:23] GET https://intrajisbackend.com/api/dte_sii_status/cron
HTTP 200
{
  "message": {
    "status": "success",
    "mode": "one_by_one",
    "processed": 0,
    "checked": 0,
    "updated": 0,
    "still_pending": 0,
    "rejected_alerts": 0,
    "skipped": 12,
    "errors": [],
    "items": [],
    "has_more": true,
    "lookback_days": 30,
    "elapsed_seconds": 0.0,
    "pending_remaining": 12
  }
}
[2026-09-21 19:51:02] GET https://intrajisbackend.com/api/dte_sii_status/cron
HTTP 200
{
  "message": {
    "status": "success",
    "mode": "one_by_one",
    "processed": 0,
    "checked": 0,
    "updated": 0,
    "still_pending": 0,
    "rejected_alerts": 0,
    "skipped": 12,
    "errors": [],
    "items": [],
    "has_more": true,
    "lookback_days": 30,
    "elapsed_seconds": 0.0,
    "pending_remaining": 12
  }
}
[2026-09-21 20:11:02] GET https://intrajisbackend.com/api/dte_sii_status/cron
HTTP 200
{
  "message": {
    "status": "success",
    "mode": "one_by_one",
    "processed": 0,
    "checked": 0,
    "updated": 0,
    "still_pending": 0,
    "rejected_alerts": 0,
    "skipped": 12,
    "errors": [],
    "items": [],
    "has_more": true,
    "lookback_days": 30,
    "elapsed_seconds": 0.0,
    "pending_remaining": 12
  }
}
[2026-09-21 20:31:02] GET https://intrajisbackend.com/api/dte_sii_status/cron
HTTP 200
{
  "message": {
    "status": "success",
    "mode": "one_by_one",
    "processed": 0,
    "checked": 0,
    "updated": 0,
    "still_pending": 0,
    "rejected_alerts": 0,
    "skipped": 12,
    "errors": [],
    "items": [],
    "has_more": true,
    "lookback_days": 30,
    "elapsed_seconds": 0.0,
    "pending_remaining": 12
  }
}
[2026-09-21 20:51:02] GET https://intrajisbackend.com/api/dte_sii_status/cron
HTTP 200
{
  "message": {
    "status": "success",
    "mode": "one_by_one",
    "processed": 0,
    "checked": 0,
    "updated": 0,
    "still_pending": 0,
    "rejected_alerts": 0,
    "skipped": 12,
    "errors": [],
    "items": [],
    "has_more": true,
    "lookback_days": 30,
    "elapsed_seconds": 0.0,
    "pending_remaining": 12
  }
}
[2026-09-21 21:11:02] GET https://intrajisbackend.com/api/dte_sii_status/cron
HTTP 200
{
  "message": {
    "status": "success",
    "mode": "one_by_one",
    "processed": 0,
    "checked": 0,
    "updated": 0,
    "still_pending": 0,
    "rejected_alerts": 0,
    "skipped": 12,
    "errors": [],
    "items": [],
    "has_more": true,
    "lookback_days": 30,
    "elapsed_seconds": 0.0,
    "pending_remaining": 12
  }
}
[2026-09-21 21:31:02] GET https://intrajisbackend.com/api/dte_sii_status/cron
HTTP 200
{
  "message": {
    "status": "success",
    "mode": "one_by_one",
    "processed": 0,
    "checked": 0,
    "updated": 0,
    "still_pending": 0,
    "rejected_alerts": 0,
    "skipped": 12,
    "errors": [],
    "items": [],
    "has_more": true,
    "lookback_days": 30,
    "elapsed_seconds": 0.0,
    "pending_remaining": 12
  }
}
[2026-09-21 21:51:02] GET https://intrajisbackend.com/api/dte_sii_status/cron
HTTP 200
{
  "message": {
    "status": "success",
    "mode": "one_by_one",
    "processed": 0,
    "checked": 0,
    "updated": 0,
    "still_pending": 0,
    "rejected_alerts": 0,
    "skipped": 12,
    "errors": [],
    "items": [],
    "has_more": true,
    "lookback_days": 30,
    "elapsed_seconds": 0.0,
    "pending_remaining": 12
  }
}
[2026-09-21 22:11:02] GET https://intrajisbackend.com/api/dte_sii_status/cron
HTTP 200
{
  "message": {
    "status": "success",
    "mode": "one_by_one",
    "processed": 0,
    "checked": 0,
    "updated": 0,
    "still_pending": 0,
    "rejected_alerts": 0,
    "skipped": 12,
    "errors": [],
    "items": [],
    "has_more": true,
    "lookback_days": 30,
    "elapsed_seconds": 0.0,
    "pending_remaining": 12
  }
}
[2026-09-21 22:31:02] GET https://intrajisbackend.com/api/dte_sii_status/cron
HTTP 200
{
  "message": {
    "status": "success",
    "mode": "one_by_one",
    "processed": 0,
    "checked": 0,
    "updated": 0,
    "still_pending": 0,
    "rejected_alerts": 0,
    "skipped": 12,
    "errors": [],
    "items": [],
    "has_more": true,
    "lookback_days": 30,
    "elapsed_seconds": 0.0,
    "pending_remaining": 12
  }
}
[2026-09-21 22:51:02] GET https://intrajisbackend.com/api/dte_sii_status/cron
HTTP 200
{
  "message": {
    "status": "success",
    "mode": "one_by_one",
    "processed": 0,
    "checked": 0,
    "updated": 0,
    "still_pending": 0,
    "rejected_alerts": 0,
    "skipped": 12,
    "errors": [],
    "items": [],
    "has_more": true,
    "lookback_days": 30,
    "elapsed_seconds": 0.0,
    "pending_remaining": 12
  }
}
[2026-09-22 09:48:42] GET https://intrajisbackend.com/api/dte_sii_status/cron
HTTP 200
{
  "message": {
    "status": "success",
    "mode": "one_by_one",
    "processed": 0,
    "checked": 0,
    "updated": 0,
    "still_pending": 0,
    "rejected_alerts": 0,
    "skipped": 12,
    "errors": [],
    "items": [],
    "has_more": true,
    "lookback_days": 30,
    "elapsed_seconds": 0.0,
    "pending_remaining": 12
  }
}
[2026-09-22 10:11:02] GET https://intrajisbackend.com/api/dte_sii_status/cron
HTTP 200
{
  "message": {
    "status": "success",
    "mode": "one_by_one",
    "processed": 0,
    "checked": 0,
    "updated": 0,
    "still_pending": 0,
    "rejected_alerts": 0,
    "skipped": 12,
    "errors": [],
    "items": [],
    "has_more": true,
    "lookback_days": 30,
    "elapsed_seconds": 0.0,
    "pending_remaining": 12
  }
}
[2026-09-22 10:31:02] GET https://intrajisbackend.com/api/dte_sii_status/cron
HTTP 200
{
  "message": {
    "status": "success",
    "mode": "one_by_one",
    "processed": 0,
    "checked": 0,
    "updated": 0,
    "still_pending": 0,
    "rejected_alerts": 0,
    "skipped": 12,
    "errors": [],
    "items": [],
    "has_more": true,
    "lookback_days": 30,
    "elapsed_seconds": 0.0,
    "pending_remaining": 12
  }
}
[2026-09-22 10:51:02] GET https://intrajisbackend.com/api/dte_sii_status/cron
HTTP 200
{
  "message": {
    "status": "success",
    "mode": "one_by_one",
    "processed": 0,
    "checked": 0,
    "updated": 0,
    "still_pending": 0,
    "rejected_alerts": 0,
    "skipped": 12,
    "errors": [],
    "items": [],
    "has_more": true,
    "lookback_days": 30,
    "elapsed_seconds": 0.0,
    "pending_remaining": 12
  }
}
[2026-09-22 11:11:02] GET https://intrajisbackend.com/api/dte_sii_status/cron
HTTP 200
{
  "message": {
    "status": "success",
    "mode": "one_by_one",
    "processed": 0,
    "checked": 0,
    "updated": 0,
    "still_pending": 0,
    "rejected_alerts": 0,
    "skipped": 12,
    "errors": [],
    "items": [],
    "has_more": true,
    "lookback_days": 30,
    "elapsed_seconds": 0.0,
    "pending_remaining": 12
  }
}
[2026-09-22 11:31:02] GET https://intrajisbackend.com/api/dte_sii_status/cron
HTTP 200
{
  "message": {
    "status": "success",
    "mode": "one_by_one",
    "processed": 0,
    "checked": 0,
    "updated": 0,
    "still_pending": 0,
    "rejected_alerts": 0,
    "skipped": 12,
    "errors": [],
    "items": [],
    "has_more": true,
    "lookback_days": 30,
    "elapsed_seconds": 0.0,
    "pending_remaining": 12
  }
}
^C[2026-09-22 12:31:02] GET https://intrajisbackend.com/api/dte_sii_status/cron
HTTP 200
{
  "message": {
    "status": "success",
    "mode": "one_by_one",
    "processed": 0,
    "checked": 0,
    "updated": 0,
    "still_pending": 0,
    "rejected_alerts": 0,
    "skipped": 12,
    "errors": [],
    "items": [],
    "has_more": true,
    "lookback_days": 30,
    "elapsed_seconds": 0.0,
    "pending_remaining": 12
  }
}
[2026-09-22 12:51:02] GET https://intrajisbackend.com/api/dte_sii_status/cron
HTTP 200
{
  "message": {
    "status": "success",
    "mode": "one_by_one",
    "processed": 0,
    "checked": 0,
    "updated": 0,
    "still_pending": 0,
    "rejected_alerts": 0,
    "skipped": 12,
    "errors": [],
    "items": [],
    "has_more": true,
    "lookback_days": 30,
    "elapsed_seconds": 0.0,
    "pending_remaining": 12
  }
}
[2026-09-22 13:11:02] GET https://intrajisbackend.com/api/dte_sii_status/cron
HTTP 200
{
  "message": {
    "status": "success",
    "mode": "one_by_one",
    "processed": 0,
    "checked": 0,
    "updated": 0,
    "still_pending": 0,
    "rejected_alerts": 0,
    "skipped": 12,
    "errors": [],
    "items": [],
    "has_more": true,
    "lookback_days": 30,
    "elapsed_seconds": 0.0,
    "pending_remaining": 12
  }
}
[2026-09-22 13:31:02] GET https://intrajisbackend.com/api/dte_sii_status/cron
HTTP 200
{
  "message": {
    "status": "success",
    "mode": "one_by_one",
    "processed": 0,
    "checked": 0,
    "updated": 0,
    "still_pending": 0,
    "rejected_alerts": 0,
    "skipped": 12,
    "errors": [],
    "items": [],
    "has_more": true,
    "lookback_days": 30,
    "elapsed_seconds": 0.0,
    "pending_remaining": 12
  }
}
[2026-09-22 13:51:02] GET https://intrajisbackend.com/api/dte_sii_status/cron
HTTP 200
{
  "message": {
    "status": "success",
    "mode": "one_by_one",
    "processed": 0,
    "checked": 0,
    "updated": 0,
    "still_pending": 0,
    "rejected_alerts": 0,
    "skipped": 12,
    "errors": [],
    "items": [],
    "has_more": true,
    "lookback_days": 30,
    "elapsed_seconds": 0.0,
    "pending_remaining": 12
  }
}
[2026-09-22 14:11:02] GET https://intrajisbackend.com/api/dte_sii_status/cron
HTTP 200
{
  "message": {
    "status": "success",
    "mode": "one_by_one",
    "processed": 0,
    "checked": 0,
    "updated": 0,
    "still_pending": 0,
    "rejected_alerts": 0,
    "skipped": 12,
    "errors": [],
    "items": [],
    "has_more": true,
    "lookback_days": 30,
    "elapsed_seconds": 0.0,
    "pending_remaining": 12
  }
}
[2026-09-22 14:31:02] GET https://intrajisbackend.com/api/dte_sii_status/cron
HTTP 200
{
  "message": {
    "status": "success",
    "mode": "one_by_one",
    "processed": 0,
    "checked": 0,
    "updated": 0,
    "still_pending": 0,
    "rejected_alerts": 0,
    "skipped": 12,
    "errors": [],
    "items": [],
    "has_more": true,
    "lookback_days": 30,
    "elapsed_seconds": 0.0,
    "pending_remaining": 12
  }
}
[2026-09-22 14:51:02] GET https://intrajisbackend.com/api/dte_sii_status/cron
HTTP 200
{
  "message": {
    "status": "success",
    "mode": "one_by_one",
    "processed": 0,
    "checked": 0,
    "updated": 0,
    "still_pending": 0,
    "rejected_alerts": 0,
    "skipped": 12,
    "errors": [],
    "items": [],
    "has_more": true,
    "lookback_days": 30,
    "elapsed_seconds": 0.0,
    "pending_remaining": 12
  }
}
[2026-09-22 15:11:02] GET https://intrajisbackend.com/api/dte_sii_status/cron
HTTP 200
{
  "message": {
    "status": "success",
    "mode": "one_by_one",
    "processed": 0,
    "checked": 0,
    "updated": 0,
    "still_pending": 0,
    "rejected_alerts": 0,
    "skipped": 12,
    "errors": [],
    "items": [],
    "has_more": true,
    "lookback_days": 30,
    "elapsed_seconds": 0.0,
    "pending_remaining": 12
  }
}
[2026-09-22 15:31:02] GET https://intrajisbackend.com/api/dte_sii_status/cron
HTTP 200
{
  "message": {
    "status": "success",
    "mode": "one_by_one",
    "processed": 0,
    "checked": 0,
    "updated": 0,
    "still_pending": 0,
    "rejected_alerts": 0,
    "skipped": 12,
    "errors": [],
    "items": [],
    "has_more": true,
    "lookback_days": 30,
    "elapsed_seconds": 0.0,
    "pending_remaining": 12
  }
}
[2026-09-22 15:51:02] GET https://intrajisbackend.com/api/dte_sii_status/cron
HTTP 200
{
  "message": {
    "status": "success",
    "mode": "one_by_one",
    "processed": 0,
    "checked": 0,
    "updated": 0,
    "still_pending": 0,
    "rejected_alerts": 0,
    "skipped": 12,
    "errors": [],
    "items": [],
    "has_more": true,
    "lookback_days": 30,
    "elapsed_seconds": 0.0,
    "pending_remaining": 12
  }
}
[2026-09-22 16:11:02] GET https://intrajisbackend.com/api/dte_sii_status/cron
HTTP 200
{
  "message": {
    "status": "success",
    "mode": "one_by_one",
    "processed": 0,
    "checked": 0,
    "updated": 0,
    "still_pending": 0,
    "rejected_alerts": 0,
    "skipped": 12,
    "errors": [],
    "items": [],
    "has_more": true,
    "lookback_days": 30,
    "elapsed_seconds": 0.0,
    "pending_remaining": 12
  }
}
[2026-09-22 21:11:02] GET https://intrajisbackend.com/api/dte_sii_status/cron
HTTP 200
{
  "message": {
    "status": "success",
    "mode": "one_by_one",
    "processed": 0,
    "checked": 0,
    "updated": 0,
    "still_pending": 0,
    "rejected_alerts": 0,
    "skipped": 12,
    "errors": [],
    "items": [],
    "has_more": true,
    "lookback_days": 30,
    "elapsed_seconds": 0.0,
    "pending_remaining": 12
  }
}
[2026-09-22 21:51:02] GET https://intrajisbackend.com/api/dte_sii_status/cron
HTTP 200
{
  "message": {
    "status": "success",
    "mode": "one_by_one",
    "processed": 0,
    "checked": 0,
    "updated": 0,
    "still_pending": 0,
    "rejected_alerts": 0,
    "skipped": 12,
    "errors": [],
    "items": [],
    "has_more": true,
    "lookback_days": 30,
    "elapsed_seconds": 0.0,
    "pending_remaining": 12
  }
}
^C[2026-09-22 22:31:02] GET https://intrajisbackend.com/api/dte_sii_status/cron
HTTP 200
{
  "message": {
    "status": "success",
    "mode": "one_by_one",
    "processed": 0,
    "checked": 0,
    "updated": 0,
    "still_pending": 0,
    "rejected_alerts": 0,
    "skipped": 12,
    "errors": [],
    "items": [],
    "has_more": true,
    "lookback_days": 30,
    "elapsed_seconds": 0.0,
    "pending_remaining": 12
  }
}
^C[2026-09-22 23:11:01] GET https://intrajisbackend.com/api/dte_sii_status/cron
HTTP 200
{
  "message": {
    "status": "success",
    "mode": "one_by_one",
    "processed": 0,
    "checked": 0,
    "updated": 0,
    "still_pending": 0,
    "rejected_alerts": 0,
    "skipped": 12,
    "errors": [],
    "items": [],
    "has_more": true,
    "lookback_days": 30,
    "elapsed_seconds": 0.0,
    "pending_remaining": 12
  }
}
[2026-09-22 23:31:02] GET https://intrajisbackend.com/api/dte_sii_status/cron
HTTP 200
{
  "message": {
    "status": "success",
    "mode": "one_by_one",
    "processed": 0,
    "checked": 0,
    "updated": 0,
    "still_pending": 0,
    "rejected_alerts": 0,
    "skipped": 12,
    "errors": [],
    "items": [],
    "has_more": true,
    "lookback_days": 30,
    "elapsed_seconds": 0.0,
    "pending_remaining": 12
  }
}
[2026-09-22 23:51:02] GET https://intrajisbackend.com/api/dte_sii_status/cron
HTTP 200
{
  "message": {
    "status": "success",
    "mode": "one_by_one",
    "processed": 0,
    "checked": 0,
    "updated": 0,
    "still_pending": 0,
    "rejected_alerts": 0,
    "skipped": 12,
    "errors": [],
    "items": [],
    "has_more": true,
    "lookback_days": 30,
    "elapsed_seconds": 0.0,
    "pending_remaining": 12
  }
}
[2026-09-23 00:11:01] GET https://intrajisbackend.com/api/dte_sii_status/cron
HTTP 200
{
  "message": {
    "status": "success",
    "mode": "one_by_one",
    "processed": 0,
    "checked": 0,
    "updated": 0,
    "still_pending": 0,
    "rejected_alerts": 0,
    "skipped": 12,
    "errors": [],
    "items": [],
    "has_more": true,
    "lookback_days": 30,
    "elapsed_seconds": 0.0,
    "pending_remaining": 12
  }
}
[2026-09-23 00:31:01] GET https://intrajisbackend.com/api/dte_sii_status/cron
HTTP 200
{
  "message": {
    "status": "success",
    "mode": "one_by_one",
    "processed": 0,
    "checked": 0,
    "updated": 0,
    "still_pending": 0,
    "rejected_alerts": 0,
    "skipped": 12,
    "errors": [],
    "items": [],
    "has_more": true,
    "lookback_days": 30,
    "elapsed_seconds": 0.0,
    "pending_remaining": 12
  }
}
[2026-09-23 00:51:02] GET https://intrajisbackend.com/api/dte_sii_status/cron
HTTP 200
{
  "message": {
    "status": "success",
    "mode": "one_by_one",
    "processed": 0,
    "checked": 0,
    "updated": 0,
    "still_pending": 0,
    "rejected_alerts": 0,
    "skipped": 12,
    "errors": [],
    "items": [],
    "has_more": true,
    "lookback_days": 30,
    "elapsed_seconds": 0.0,
    "pending_remaining": 12
  }
}
[2026-09-23 08:51:02] GET https://intrajisbackend.com/api/dte_sii_status/cron
HTTP 200
{
  "message": {
    "status": "success",
    "mode": "one_by_one",
    "processed": 0,
    "checked": 0,
    "updated": 0,
    "still_pending": 0,
    "rejected_alerts": 0,
    "skipped": 12,
    "errors": [],
    "items": [],
    "has_more": true,
    "lookback_days": 30,
    "elapsed_seconds": 0.0,
    "pending_remaining": 12
  }
}
[2026-09-23 09:11:02] GET https://intrajisbackend.com/api/dte_sii_status/cron
HTTP 200
{
  "message": {
    "status": "success",
    "mode": "one_by_one",
    "processed": 0,
    "checked": 0,
    "updated": 0,
    "still_pending": 0,
    "rejected_alerts": 0,
    "skipped": 12,
    "errors": [],
    "items": [],
    "has_more": true,
    "lookback_days": 30,
    "elapsed_seconds": 0.0,
    "pending_remaining": 12
  }
}
^C[2026-09-23 09:51:02] GET https://intrajisbackend.com/api/dte_sii_status/cron
HTTP 200
{
  "message": {
    "status": "success",
    "mode": "one_by_one",
    "processed": 0,
    "checked": 0,
    "updated": 0,
    "still_pending": 0,
    "rejected_alerts": 0,
    "skipped": 22,
    "errors": [],
    "items": [],
    "has_more": true,
    "lookback_days": 30,
    "elapsed_seconds": 0.0,
    "pending_remaining": 22
  }
}
[2026-09-23 10:11:02] GET https://intrajisbackend.com/api/dte_sii_status/cron
HTTP 200
{
  "message": {
    "status": "success",
    "mode": "one_by_one",
    "processed": 0,
    "checked": 0,
    "updated": 0,
    "still_pending": 0,
    "rejected_alerts": 0,
    "skipped": 22,
    "errors": [],
    "items": [],
    "has_more": true,
    "lookback_days": 30,
    "elapsed_seconds": 0.0,
    "pending_remaining": 22
  }
}
[2026-09-23 10:31:02] GET https://intrajisbackend.com/api/dte_sii_status/cron
HTTP 200
{
  "message": {
    "status": "success",
    "mode": "one_by_one",
    "processed": 0,
    "checked": 0,
    "updated": 0,
    "still_pending": 0,
    "rejected_alerts": 0,
    "skipped": 22,
    "errors": [],
    "items": [],
    "has_more": true,
    "lookback_days": 30,
    "elapsed_seconds": 0.0,
    "pending_remaining": 22
  }
}
[2026-09-23 10:51:02] GET https://intrajisbackend.com/api/dte_sii_status/cron
HTTP 200
{
  "message": {
    "status": "success",
    "mode": "one_by_one",
    "processed": 0,
    "checked": 0,
    "updated": 0,
    "still_pending": 0,
    "rejected_alerts": 0,
    "skipped": 22,
    "errors": [],
    "items": [],
    "has_more": true,
    "lookback_days": 30,
    "elapsed_seconds": 0.0,
    "pending_remaining": 22
  }
}
[2026-09-23 11:11:02] GET https://intrajisbackend.com/api/dte_sii_status/cron
HTTP 200
{
  "message": {
    "status": "success",
    "mode": "one_by_one",
    "processed": 0,
    "checked": 0,
    "updated": 0,
    "still_pending": 0,
    "rejected_alerts": 0,
    "skipped": 22,
    "errors": [],
    "items": [],
    "has_more": true,
    "lookback_days": 30,
    "elapsed_seconds": 0.0,
    "pending_remaining": 22
  }
}
[2026-09-23 11:31:02] GET https://intrajisbackend.com/api/dte_sii_status/cron
HTTP 200
{
  "message": {
    "status": "success",
    "mode": "one_by_one",
    "processed": 0,
    "checked": 0,
    "updated": 0,
    "still_pending": 0,
    "rejected_alerts": 0,
    "skipped": 22,
    "errors": [],
    "items": [],
    "has_more": true,
    "lookback_days": 30,
    "elapsed_seconds": 0.0,
    "pending_remaining": 22
  }
}
[2026-09-23 11:51:02] GET https://intrajisbackend.com/api/dte_sii_status/cron
HTTP 200
{
  "message": {
    "status": "success",
    "mode": "one_by_one",
    "processed": 0,
    "checked": 0,
    "updated": 0,
    "still_pending": 0,
    "rejected_alerts": 0,
    "skipped": 22,
    "errors": [],
    "items": [],
    "has_more": true,
    "lookback_days": 30,
    "elapsed_seconds": 0.0,
    "pending_remaining": 22
  }
}
[2026-09-23 12:11:02] GET https://intrajisbackend.com/api/dte_sii_status/cron
HTTP 200
{
  "message": {
    "status": "success",
    "mode": "one_by_one",
    "processed": 0,
    "checked": 0,
    "updated": 0,
    "still_pending": 0,
    "rejected_alerts": 0,
    "skipped": 22,
    "errors": [],
    "items": [],
    "has_more": true,
    "lookback_days": 30,
    "elapsed_seconds": 0.0,
    "pending_remaining": 22
  }
}
[2026-09-23 12:31:02] GET https://intrajisbackend.com/api/dte_sii_status/cron
HTTP 200
{
  "message": {
    "status": "success",
    "mode": "one_by_one",
    "processed": 0,
    "checked": 0,
    "updated": 0,
    "still_pending": 0,
    "rejected_alerts": 0,
    "skipped": 22,
    "errors": [],
    "items": [],
    "has_more": true,
    "lookback_days": 30,
    "elapsed_seconds": 0.0,
    "pending_remaining": 22
  }
}
[2026-09-23 12:51:02] GET https://intrajisbackend.com/api/dte_sii_status/cron
HTTP 200
{
  "message": {
    "status": "success",
    "mode": "one_by_one",
    "processed": 0,
    "checked": 0,
    "updated": 0,
    "still_pending": 0,
    "rejected_alerts": 0,
    "skipped": 22,
    "errors": [],
    "items": [],
    "has_more": true,
    "lookback_days": 30,
    "elapsed_seconds": 0.0,
    "pending_remaining": 22
  }
}
[2026-09-23 13:11:02] GET https://intrajisbackend.com/api/dte_sii_status/cron
HTTP 200
{
  "message": {
    "status": "success",
    "mode": "one_by_one",
    "processed": 0,
    "checked": 0,
    "updated": 0,
    "still_pending": 0,
    "rejected_alerts": 0,
    "skipped": 22,
    "errors": [],
    "items": [],
    "has_more": true,
    "lookback_days": 30,
    "elapsed_seconds": 0.0,
    "pending_remaining": 22
  }
}
[2026-09-23 13:31:02] GET https://intrajisbackend.com/api/dte_sii_status/cron
HTTP 200
{
  "message": {
    "status": "success",
    "mode": "one_by_one",
    "processed": 0,
    "checked": 0,
    "updated": 0,
    "still_pending": 0,
    "rejected_alerts": 0,
    "skipped": 22,
    "errors": [],
    "items": [],
    "has_more": true,
    "lookback_days": 30,
    "elapsed_seconds": 0.0,
    "pending_remaining": 22
  }
}
[2026-09-23 13:51:02] GET https://intrajisbackend.com/api/dte_sii_status/cron
HTTP 200
{
  "message": {
    "status": "success",
    "mode": "one_by_one",
    "processed": 0,
    "checked": 0,
    "updated": 0,
    "still_pending": 0,
    "rejected_alerts": 0,
    "skipped": 22,
    "errors": [],
    "items": [],
    "has_more": true,
    "lookback_days": 30,
    "elapsed_seconds": 0.0,
    "pending_remaining": 22
  }
}
[2026-09-23 14:11:02] GET https://intrajisbackend.com/api/dte_sii_status/cron
HTTP 200
{
  "message": {
    "status": "success",
    "mode": "one_by_one",
    "processed": 0,
    "checked": 0,
    "updated": 0,
    "still_pending": 0,
    "rejected_alerts": 0,
    "skipped": 22,
    "errors": [],
    "items": [],
    "has_more": true,
    "lookback_days": 30,
    "elapsed_seconds": 0.0,
    "pending_remaining": 22
  }
}
[2026-09-23 14:31:02] GET https://intrajisbackend.com/api/dte_sii_status/cron
HTTP 200
{
  "message": {
    "status": "success",
    "mode": "one_by_one",
    "processed": 0,
    "checked": 0,
    "updated": 0,
    "still_pending": 0,
    "rejected_alerts": 0,
    "skipped": 22,
    "errors": [],
    "items": [],
    "has_more": true,
    "lookback_days": 30,
    "elapsed_seconds": 0.0,
    "pending_remaining": 22
  }
}
[2026-09-23 14:51:02] GET https://intrajisbackend.com/api/dte_sii_status/cron
HTTP 200
{
  "message": {
    "status": "success",
    "mode": "one_by_one",
    "processed": 0,
    "checked": 0,
    "updated": 0,
    "still_pending": 0,
    "rejected_alerts": 0,
    "skipped": 22,
    "errors": [],
    "items": [],
    "has_more": true,
    "lookback_days": 30,
    "elapsed_seconds": 0.0,
    "pending_remaining": 22
  }
}
[2026-09-23 15:11:02] GET https://intrajisbackend.com/api/dte_sii_status/cron
HTTP 200
{
  "message": {
    "status": "success",
    "mode": "one_by_one",
    "processed": 0,
    "checked": 0,
    "updated": 0,
    "still_pending": 0,
    "rejected_alerts": 0,
    "skipped": 22,
    "errors": [],
    "items": [],
    "has_more": true,
    "lookback_days": 30,
    "elapsed_seconds": 0.0,
    "pending_remaining": 22
  }
}
[2026-09-23 15:31:04] GET https://intrajisbackend.com/api/dte_sii_status/cron
HTTP 200
{
  "message": {
    "status": "success",
    "mode": "one_by_one",
    "processed": 0,
    "checked": 0,
    "updated": 0,
    "still_pending": 0,
    "rejected_alerts": 0,
    "skipped": 22,
    "errors": [],
    "items": [],
    "has_more": true,
    "lookback_days": 30,
    "elapsed_seconds": 0.0,
    "pending_remaining": 22
  }
}
[2026-09-23 15:51:02] GET https://intrajisbackend.com/api/dte_sii_status/cron
HTTP 200
{
  "message": {
    "status": "success",
    "mode": "one_by_one",
    "processed": 0,
    "checked": 0,
    "updated": 0,
    "still_pending": 0,
    "rejected_alerts": 0,
    "skipped": 22,
    "errors": [],
    "items": [],
    "has_more": true,
    "lookback_days": 30,
    "elapsed_seconds": 0.0,
    "pending_remaining": 22
  }
}
[2026-09-23 16:11:02] GET https://intrajisbackend.com/api/dte_sii_status/cron
HTTP 200
{
  "message": {
    "status": "success",
    "mode": "one_by_one",
    "processed": 0,
    "checked": 0,
    "updated": 0,
    "still_pending": 0,
    "rejected_alerts": 0,
    "skipped": 22,
    "errors": [],
    "items": [],
    "has_more": true,
    "lookback_days": 30,
    "elapsed_seconds": 0.0,
    "pending_remaining": 22
  }
}
[2026-09-23 16:31:02] GET https://intrajisbackend.com/api/dte_sii_status/cron
HTTP 200
{
  "message": {
    "status": "success",
    "mode": "one_by_one",
    "processed": 0,
    "checked": 0,
    "updated": 0,
    "still_pending": 0,
    "rejected_alerts": 0,
    "skipped": 22,
    "errors": [],
    "items": [],
    "has_more": true,
    "lookback_days": 30,
    "elapsed_seconds": 0.0,
    "pending_remaining": 22
  }
}
[2026-09-23 16:51:02] GET https://intrajisbackend.com/api/dte_sii_status/cron
HTTP 200
{
  "message": {
    "status": "success",
    "mode": "one_by_one",
    "processed": 0,
    "checked": 0,
    "updated": 0,
    "still_pending": 0,
    "rejected_alerts": 0,
    "skipped": 22,
    "errors": [],
    "items": [],
    "has_more": true,
    "lookback_days": 30,
    "elapsed_seconds": 0.0,
    "pending_remaining": 22
  }
}
[2026-09-23 17:11:02] GET https://intrajisbackend.com/api/dte_sii_status/cron
HTTP 200
{
  "message": {
    "status": "success",
    "mode": "one_by_one",
    "processed": 0,
    "checked": 0,
    "updated": 0,
    "still_pending": 0,
    "rejected_alerts": 0,
    "skipped": 22,
    "errors": [],
    "items": [],
    "has_more": true,
    "lookback_days": 30,
    "elapsed_seconds": 0.0,
    "pending_remaining": 22
  }
}
[2026-09-23 17:31:02] GET https://intrajisbackend.com/api/dte_sii_status/cron
HTTP 200
{
  "message": {
    "status": "success",
    "mode": "one_by_one",
    "processed": 0,
    "checked": 0,
    "updated": 0,
    "still_pending": 0,
    "rejected_alerts": 0,
    "skipped": 22,
    "errors": [],
    "items": [],
    "has_more": true,
    "lookback_days": 30,
    "elapsed_seconds": 0.0,
    "pending_remaining": 22
  }
}
[2026-09-23 17:51:02] GET https://intrajisbackend.com/api/dte_sii_status/cron
HTTP 200
{
  "message": {
    "status": "success",
    "mode": "one_by_one",
    "processed": 0,
    "checked": 0,
    "updated": 0,
    "still_pending": 0,
    "rejected_alerts": 0,
    "skipped": 22,
    "errors": [],
    "items": [],
    "has_more": true,
    "lookback_days": 30,
    "elapsed_seconds": 0.0,
    "pending_remaining": 22
  }
}
[2026-09-23 18:11:02] GET https://intrajisbackend.com/api/dte_sii_status/cron
HTTP 200
{
  "message": {
    "status": "success",
    "mode": "one_by_one",
    "processed": 0,
    "checked": 0,
    "updated": 0,
    "still_pending": 0,
    "rejected_alerts": 0,
    "skipped": 22,
    "errors": [],
    "items": [],
    "has_more": true,
    "lookback_days": 30,
    "elapsed_seconds": 0.0,
    "pending_remaining": 22
  }
}
[2026-09-23 18:31:02] GET https://intrajisbackend.com/api/dte_sii_status/cron
HTTP 200
{
  "message": {
    "status": "success",
    "mode": "one_by_one",
    "processed": 0,
    "checked": 0,
    "updated": 0,
    "still_pending": 0,
    "rejected_alerts": 0,
    "skipped": 22,
    "errors": [],
    "items": [],
    "has_more": true,
    "lookback_days": 30,
    "elapsed_seconds": 0.0,
    "pending_remaining": 22
  }
}
^C[2026-09-23 19:11:02] GET https://intrajisbackend.com/api/dte_sii_status/cron
HTTP 200
{
  "message": {
    "status": "success",
    "mode": "one_by_one",
    "processed": 0,
    "checked": 0,
    "updated": 0,
    "still_pending": 0,
    "rejected_alerts": 0,
    "skipped": 22,
    "errors": [],
    "items": [],
    "has_more": true,
    "lookback_days": 30,
    "elapsed_seconds": 0.0,
    "pending_remaining": 22
  }
}
[2026-09-23 19:31:02] GET https://intrajisbackend.com/api/dte_sii_status/cron
HTTP 200
{
  "message": {
    "status": "success",
    "mode": "one_by_one",
    "processed": 0,
    "checked": 0,
    "updated": 0,
    "still_pending": 0,
    "rejected_alerts": 0,
    "skipped": 22,
    "errors": [],
    "items": [],
    "has_more": true,
    "lookback_days": 30,
    "elapsed_seconds": 0.0,
    "pending_remaining": 22
  }
}
[2026-09-23 19:51:02] GET https://intrajisbackend.com/api/dte_sii_status/cron
HTTP 200
{
  "message": {
    "status": "success",
    "mode": "one_by_one",
    "processed": 0,
    "checked": 0,
    "updated": 0,
    "still_pending": 0,
    "rejected_alerts": 0,
    "skipped": 22,
    "errors": [],
    "items": [],
    "has_more": true,
    "lookback_days": 30,
    "elapsed_seconds": 0.0,
    "pending_remaining": 22
  }
}
^C[2026-09-23 20:31:02] GET https://intrajisbackend.com/api/dte_sii_status/cron
HTTP 200
{
  "message": {
    "status": "success",
    "mode": "one_by_one",
    "processed": 0,
    "checked": 0,
    "updated": 0,
    "still_pending": 0,
    "rejected_alerts": 0,
    "skipped": 22,
    "errors": [],
    "items": [],
    "has_more": true,
    "lookback_days": 30,
    "elapsed_seconds": 0.0,
    "pending_remaining": 22
  }
}
[2026-09-23 20:51:02] GET https://intrajisbackend.com/api/dte_sii_status/cron
HTTP 200
{
  "message": {
    "status": "success",
    "mode": "one_by_one",
    "processed": 0,
    "checked": 0,
    "updated": 0,
    "still_pending": 0,
    "rejected_alerts": 0,
    "skipped": 22,
    "errors": [],
    "items": [],
    "has_more": true,
    "lookback_days": 30,
    "elapsed_seconds": 0.0,
    "pending_remaining": 22
  }
}
[2026-09-23 21:11:02] GET https://intrajisbackend.com/api/dte_sii_status/cron
HTTP 200
{
  "message": {
    "status": "success",
    "mode": "one_by_one",
    "processed": 0,
    "checked": 0,
    "updated": 0,
    "still_pending": 0,
    "rejected_alerts": 0,
    "skipped": 22,
    "errors": [],
    "items": [],
    "has_more": true,
    "lookback_days": 30,
    "elapsed_seconds": 0.0,
    "pending_remaining": 22
  }
}
[2026-09-23 21:31:02] GET https://intrajisbackend.com/api/dte_sii_status/cron
HTTP 200
{
  "message": {
    "status": "success",
    "mode": "one_by_one",
    "processed": 0,
    "checked": 0,
    "updated": 0,
    "still_pending": 0,
    "rejected_alerts": 0,
    "skipped": 22,
    "errors": [],
    "items": [],
    "has_more": true,
    "lookback_days": 30,
    "elapsed_seconds": 0.0,
    "pending_remaining": 22
  }
}
[2026-09-23 21:51:02] GET https://intrajisbackend.com/api/dte_sii_status/cron
HTTP 200
{
  "message": {
    "status": "success",
    "mode": "one_by_one",
    "processed": 0,
    "checked": 0,
    "updated": 0,
    "still_pending": 0,
    "rejected_alerts": 0,
    "skipped": 22,
    "errors": [],
    "items": [],
    "has_more": true,
    "lookback_days": 30,
    "elapsed_seconds": 0.0,
    "pending_remaining": 22
  }
}
[2026-09-23 22:11:02] GET https://intrajisbackend.com/api/dte_sii_status/cron
HTTP 200
{
  "message": {
    "status": "success",
    "mode": "one_by_one",
    "processed": 0,
    "checked": 0,
    "updated": 0,
    "still_pending": 0,
    "rejected_alerts": 0,
    "skipped": 22,
    "errors": [],
    "items": [],
    "has_more": true,
    "lookback_days": 30,
    "elapsed_seconds": 0.0,
    "pending_remaining": 22
  }
}
[2026-09-23 22:31:03] GET https://intrajisbackend.com/api/dte_sii_status/cron
HTTP 200
{
  "message": {
    "status": "success",
    "mode": "one_by_one",
    "processed": 0,
    "checked": 0,
    "updated": 0,
    "still_pending": 0,
    "rejected_alerts": 0,
    "skipped": 22,
    "errors": [],
    "items": [],
    "has_more": true,
    "lookback_days": 30,
    "elapsed_seconds": 0.0,
    "pending_remaining": 22
  }
}
[2026-09-23 22:51:03] GET https://intrajisbackend.com/api/dte_sii_status/cron
HTTP 200
{
  "message": {
    "status": "success",
    "mode": "one_by_one",
    "processed": 0,
    "checked": 0,
    "updated": 0,
    "still_pending": 0,
    "rejected_alerts": 0,
    "skipped": 22,
    "errors": [],
    "items": [],
    "has_more": true,
    "lookback_days": 30,
    "elapsed_seconds": 0.0,
    "pending_remaining": 22
  }
}
[2026-09-23 23:11:02] GET https://intrajisbackend.com/api/dte_sii_status/cron
HTTP 200
{
  "message": {
    "status": "success",
    "mode": "one_by_one",
    "processed": 0,
    "checked": 0,
    "updated": 0,
    "still_pending": 0,
    "rejected_alerts": 0,
    "skipped": 22,
    "errors": [],
    "items": [],
    "has_more": true,
    "lookback_days": 30,
    "elapsed_seconds": 0.0,
    "pending_remaining": 22
  }
}
[2026-09-24 21:11:02] GET https://intrajisbackend.com/api/dte_sii_status/cron
HTTP 200
{
  "message": {
    "status": "success",
    "mode": "one_by_one",
    "processed": 0,
    "checked": 0,
    "updated": 0,
    "still_pending": 0,
    "rejected_alerts": 0,
    "skipped": 22,
    "errors": [],
    "items": [],
    "has_more": true,
    "lookback_days": 30,
    "elapsed_seconds": 0.0,
    "pending_remaining": 22
  }
}
[2026-09-24 21:31:02] GET https://intrajisbackend.com/api/dte_sii_status/cron
HTTP 200
{
  "message": {
    "status": "success",
    "mode": "one_by_one",
    "processed": 0,
    "checked": 0,
    "updated": 0,
    "still_pending": 0,
    "rejected_alerts": 0,
    "skipped": 22,
    "errors": [],
    "items": [],
    "has_more": true,
    "lookback_days": 30,
    "elapsed_seconds": 0.0,
    "pending_remaining": 22
  }
}
[2026-09-24 21:51:02] GET https://intrajisbackend.com/api/dte_sii_status/cron
HTTP 200
{
  "message": {
    "status": "success",
    "mode": "one_by_one",
    "processed": 0,
    "checked": 0,
    "updated": 0,
    "still_pending": 0,
    "rejected_alerts": 0,
    "skipped": 22,
    "errors": [],
    "items": [],
    "has_more": true,
    "lookback_days": 30,
    "elapsed_seconds": 0.0,
    "pending_remaining": 22
  }
}
[2026-09-24 22:11:02] GET https://intrajisbackend.com/api/dte_sii_status/cron
HTTP 200
{
  "message": {
    "status": "success",
    "mode": "one_by_one",
    "processed": 0,
    "checked": 0,
    "updated": 0,
    "still_pending": 0,
    "rejected_alerts": 0,
    "skipped": 22,
    "errors": [],
    "items": [],
    "has_more": true,
    "lookback_days": 30,
    "elapsed_seconds": 0.0,
    "pending_remaining": 22
  }
}
[2026-09-24 22:31:02] GET https://intrajisbackend.com/api/dte_sii_status/cron
HTTP 200
{
  "message": {
    "status": "success",
    "mode": "one_by_one",
    "processed": 0,
    "checked": 0,
    "updated": 0,
    "still_pending": 0,
    "rejected_alerts": 0,
    "skipped": 22,
    "errors": [],
    "items": [],
    "has_more": true,
    "lookback_days": 30,
    "elapsed_seconds": 0.0,
    "pending_remaining": 22
  }
}
^C^C[2026-09-24 23:31:02] GET https://intrajisbackend.com/api/dte_sii_status/cron
HTTP 200
{
  "message": {
    "status": "success",
    "mode": "one_by_one",
    "processed": 0,
    "checked": 0,
    "updated": 0,
    "still_pending": 0,
    "rejected_alerts": 0,
    "skipped": 22,
    "errors": [],
    "items": [],
    "has_more": true,
    "lookback_days": 30,
    "elapsed_seconds": 0.0,
    "pending_remaining": 22
  }
}
[2026-09-24 23:51:02] GET https://intrajisbackend.com/api/dte_sii_status/cron
HTTP 200
{
  "message": {
    "status": "success",
    "mode": "one_by_one",
    "processed": 0,
    "checked": 0,
    "updated": 0,
    "still_pending": 0,
    "rejected_alerts": 0,
    "skipped": 22,
    "errors": [],
    "items": [],
    "has_more": true,
    "lookback_days": 30,
    "elapsed_seconds": 0.0,
    "pending_remaining": 22
  }
}
[2026-09-25 00:11:02] GET https://intrajisbackend.com/api/dte_sii_status/cron
HTTP 200
{
  "message": {
    "status": "success",
    "mode": "one_by_one",
    "processed": 0,
    "checked": 0,
    "updated": 0,
    "still_pending": 0,
    "rejected_alerts": 0,
    "skipped": 22,
    "errors": [],
    "items": [],
    "has_more": true,
    "lookback_days": 30,
    "elapsed_seconds": 0.0,
    "pending_remaining": 22
  }
}
ERROR de red: HTTPSConnectionPool(host='intrajisbackend.com', port=443): Max retries exceeded with url: /api/dte_sii_status/cron (Caused by ConnectTimeoutError(<urllib3.connection.HTTPSConnection object at 0x00000155C818A510>, 'Connection to intrajisbackend.com timed out. (connect timeout=900)'))
[2026-09-25 08:05:54] GET https://intrajisbackend.com/api/dte_sii_status/cron
[2026-09-25 08:31:02] GET https://intrajisbackend.com/api/dte_sii_status/cron
HTTP 200
{
  "message": {
    "status": "success",
    "mode": "one_by_one",
    "processed": 0,
    "checked": 0,
    "updated": 0,
    "still_pending": 0,
    "rejected_alerts": 0,
    "skipped": 22,
    "errors": [],
    "items": [],
    "has_more": true,
    "lookback_days": 30,
    "elapsed_seconds": 0.0,
    "pending_remaining": 22
  }
}
[2026-09-25 08:51:02] GET https://intrajisbackend.com/api/dte_sii_status/cron
HTTP 200
{
  "message": {
    "status": "success",
    "mode": "one_by_one",
    "processed": 0,
    "checked": 0,
    "updated": 0,
    "still_pending": 0,
    "rejected_alerts": 0,
    "skipped": 22,
    "errors": [],
    "items": [],
    "has_more": true,
    "lookback_days": 30,
    "elapsed_seconds": 0.0,
    "pending_remaining": 22
  }
}
[2026-09-25 09:11:02] GET https://intrajisbackend.com/api/dte_sii_status/cron
HTTP 200
{
  "message": {
    "status": "success",
    "mode": "one_by_one",
    "processed": 0,
    "checked": 0,
    "updated": 0,
    "still_pending": 0,
    "rejected_alerts": 0,
    "skipped": 22,
    "errors": [],
    "items": [],
    "has_more": true,
    "lookback_days": 30,
    "elapsed_seconds": 0.0,
    "pending_remaining": 22
  }
}
[2026-09-25 09:31:02] GET https://intrajisbackend.com/api/dte_sii_status/cron
HTTP 200
{
  "message": {
    "status": "success",
    "mode": "one_by_one",
    "processed": 0,
    "checked": 0,
    "updated": 0,
    "still_pending": 0,
    "rejected_alerts": 0,
    "skipped": 22,
    "errors": [],
    "items": [],
    "has_more": true,
    "lookback_days": 30,
    "elapsed_seconds": 0.0,
    "pending_remaining": 22
  }
}
^C[2026-09-25 10:11:02] GET https://intrajisbackend.com/api/dte_sii_status/cron
HTTP 200
{
  "message": {
    "status": "success",
    "mode": "one_by_one",
    "processed": 0,
    "checked": 0,
    "updated": 0,
    "still_pending": 0,
    "rejected_alerts": 0,
    "skipped": 22,
    "errors": [],
    "items": [],
    "has_more": true,
    "lookback_days": 30,
    "elapsed_seconds": 0.0,
    "pending_remaining": 22
  }
}
[2026-09-25 10:51:02] GET https://intrajisbackend.com/api/dte_sii_status/cron
HTTP 200
{
  "message": {
    "status": "success",
    "mode": "one_by_one",
    "processed": 0,
    "checked": 0,
    "updated": 0,
    "still_pending": 0,
    "rejected_alerts": 0,
    "skipped": 22,
    "errors": [],
    "items": [],
    "has_more": true,
    "lookback_days": 30,
    "elapsed_seconds": 0.0,
    "pending_remaining": 22
  }
}
[2026-09-25 11:11:02] GET https://intrajisbackend.com/api/dte_sii_status/cron
HTTP 200
{
  "message": {
    "status": "success",
    "mode": "one_by_one",
    "processed": 0,
    "checked": 0,
    "updated": 0,
    "still_pending": 0,
    "rejected_alerts": 0,
    "skipped": 22,
    "errors": [],
    "items": [],
    "has_more": true,
    "lookback_days": 30,
    "elapsed_seconds": 0.0,
    "pending_remaining": 22
  }
}
[2026-09-25 13:54:07] GET https://intrajisbackend.com/api/dte_sii_status/cron
HTTP 200
{
  "message": {
    "status": "success",
    "mode": "one_by_one",
    "processed": 0,
    "checked": 0,
    "updated": 0,
    "still_pending": 0,
    "rejected_alerts": 0,
    "skipped": 22,
    "errors": [],
    "items": [],
    "has_more": true,
    "lookback_days": 30,
    "elapsed_seconds": 0.0,
    "pending_remaining": 22
  }
}
[2026-09-25 14:11:02] GET https://intrajisbackend.com/api/dte_sii_status/cron
HTTP 200
{
  "message": {
    "status": "success",
    "mode": "one_by_one",
    "processed": 0,
    "checked": 0,
    "updated": 0,
    "still_pending": 0,
    "rejected_alerts": 0,
    "skipped": 22,
    "errors": [],
    "items": [],
    "has_more": true,
    "lookback_days": 30,
    "elapsed_seconds": 0.0,
    "pending_remaining": 22
  }
}
[2026-09-25 14:31:02] GET https://intrajisbackend.com/api/dte_sii_status/cron
HTTP 200
{
  "message": {
    "status": "success",
    "mode": "one_by_one",
    "processed": 0,
    "checked": 0,
    "updated": 0,
    "still_pending": 0,
    "rejected_alerts": 0,
    "skipped": 22,
    "errors": [],
    "items": [],
    "has_more": true,
    "lookback_days": 30,
    "elapsed_seconds": 0.0,
    "pending_remaining": 22
  }
}
[2026-09-25 14:51:02] GET https://intrajisbackend.com/api/dte_sii_status/cron
HTTP 200
{
  "message": {
    "status": "success",
    "mode": "one_by_one",
    "processed": 0,
    "checked": 0,
    "updated": 0,
    "still_pending": 0,
    "rejected_alerts": 0,
    "skipped": 22,
    "errors": [],
    "items": [],
    "has_more": true,
    "lookback_days": 30,
    "elapsed_seconds": 0.0,
    "pending_remaining": 22
  }
}
[2026-09-25 15:11:02] GET https://intrajisbackend.com/api/dte_sii_status/cron
HTTP 200
{
  "message": {
    "status": "success",
    "mode": "one_by_one",
    "processed": 0,
    "checked": 0,
    "updated": 0,
    "still_pending": 0,
    "rejected_alerts": 0,
    "skipped": 22,
    "errors": [],
    "items": [],
    "has_more": true,
    "lookback_days": 30,
    "elapsed_seconds": 0.0,
    "pending_remaining": 22
  }
}
^C^C[2026-09-26 01:11:02] GET https://intrajisbackend.com/api/dte_sii_status/cron
HTTP 200
{
  "message": {
    "status": "success",
    "mode": "one_by_one",
    "processed": 0,
    "checked": 0,
    "updated": 0,
    "still_pending": 0,
    "rejected_alerts": 0,
    "skipped": 22,
    "errors": [],
    "items": [],
    "has_more": true,
    "lookback_days": 30,
    "elapsed_seconds": 0.0,
    "pending_remaining": 22
  }
}
[2026-09-26 20:11:37] GET https://intrajisbackend.com/api/dte_sii_status/cron
HTTP 200
{
  "message": {
    "status": "success",
    "mode": "one_by_one",
    "processed": 0,
    "checked": 0,
    "updated": 0,
    "still_pending": 0,
    "rejected_alerts": 0,
    "skipped": 22,
    "errors": [],
    "items": [],
    "has_more": true,
    "lookback_days": 30,
    "elapsed_seconds": 0.0,
    "pending_remaining": 22
  }
}
[2026-09-26 20:31:02] GET https://intrajisbackend.com/api/dte_sii_status/cron
HTTP 200
{
  "message": {
    "status": "success",
    "mode": "one_by_one",
    "processed": 0,
    "checked": 0,
    "updated": 0,
    "still_pending": 0,
    "rejected_alerts": 0,
    "skipped": 22,
    "errors": [],
    "items": [],
    "has_more": true,
    "lookback_days": 30,
    "elapsed_seconds": 0.0,
    "pending_remaining": 22
  }
}
[2026-09-26 20:51:02] GET https://intrajisbackend.com/api/dte_sii_status/cron
HTTP 200
{
  "message": {
    "status": "success",
    "mode": "one_by_one",
    "processed": 0,
    "checked": 0,
    "updated": 0,
    "still_pending": 0,
    "rejected_alerts": 0,
    "skipped": 22,
    "errors": [],
    "items": [],
    "has_more": true,
    "lookback_days": 30,
    "elapsed_seconds": 0.0,
    "pending_remaining": 22
  }
}
[2026-09-26 21:11:02] GET https://intrajisbackend.com/api/dte_sii_status/cron
HTTP 200
{
  "message": {
    "status": "success",
    "mode": "one_by_one",
    "processed": 0,
    "checked": 0,
    "updated": 0,
    "still_pending": 0,
    "rejected_alerts": 0,
    "skipped": 22,
    "errors": [],
    "items": [],
    "has_more": true,
    "lookback_days": 30,
    "elapsed_seconds": 0.0,
    "pending_remaining": 22
  }
}
[2026-09-26 21:31:02] GET https://intrajisbackend.com/api/dte_sii_status/cron
HTTP 200
{
  "message": {
    "status": "success",
    "mode": "one_by_one",
    "processed": 0,
    "checked": 0,
    "updated": 0,
    "still_pending": 0,
    "rejected_alerts": 0,
    "skipped": 22,
    "errors": [],
    "items": [],
    "has_more": true,
    "lookback_days": 30,
    "elapsed_seconds": 0.0,
    "pending_remaining": 22
  }
}
[2026-09-27 19:32:46] GET https://intrajisbackend.com/api/dte_sii_status/cron
HTTP 200
{
  "message": {
    "status": "success",
    "mode": "one_by_one",
    "processed": 0,
    "checked": 0,
    "updated": 0,
    "still_pending": 0,
    "rejected_alerts": 0,
    "skipped": 22,
    "errors": [],
    "items": [],
    "has_more": true,
    "lookback_days": 30,
    "elapsed_seconds": 0.0,
    "pending_remaining": 22
  }
}
[2026-09-27 19:51:02] GET https://intrajisbackend.com/api/dte_sii_status/cron
HTTP 200
{
  "message": {
    "status": "success",
    "mode": "one_by_one",
    "processed": 0,
    "checked": 0,
    "updated": 0,
    "still_pending": 0,
    "rejected_alerts": 0,
    "skipped": 22,
    "errors": [],
    "items": [],
    "has_more": true,
    "lookback_days": 30,
    "elapsed_seconds": 0.0,
    "pending_remaining": 22
  }
}
[2026-09-27 20:11:02] GET https://intrajisbackend.com/api/dte_sii_status/cron
HTTP 200
{
  "message": {
    "status": "success",
    "mode": "one_by_one",
    "processed": 0,
    "checked": 0,
    "updated": 0,
    "still_pending": 0,
    "rejected_alerts": 0,
    "skipped": 22,
    "errors": [],
    "items": [],
    "has_more": true,
    "lookback_days": 30,
    "elapsed_seconds": 0.0,
    "pending_remaining": 22
  }
}
[2026-09-27 20:31:02] GET https://intrajisbackend.com/api/dte_sii_status/cron
HTTP 200
{
  "message": {
    "status": "success",
    "mode": "one_by_one",
    "processed": 0,
    "checked": 0,
    "updated": 0,
    "still_pending": 0,
    "rejected_alerts": 0,
    "skipped": 22,
    "errors": [],
    "items": [],
    "has_more": true,
    "lookback_days": 30,
    "elapsed_seconds": 0.0,
    "pending_remaining": 22
  }
}
[2026-09-27 20:51:02] GET https://intrajisbackend.com/api/dte_sii_status/cron
HTTP 200
{
  "message": {
    "status": "success",
    "mode": "one_by_one",
    "processed": 0,
    "checked": 0,
    "updated": 0,
    "still_pending": 0,
    "rejected_alerts": 0,
    "skipped": 22,
    "errors": [],
    "items": [],
    "has_more": true,
    "lookback_days": 30,
    "elapsed_seconds": 0.0,
    "pending_remaining": 22
  }
}
[2026-09-27 21:11:03] GET https://intrajisbackend.com/api/dte_sii_status/cron
HTTP 200
{
  "message": {
    "status": "success",
    "mode": "one_by_one",
    "processed": 0,
    "checked": 0,
    "updated": 0,
    "still_pending": 0,
    "rejected_alerts": 0,
    "skipped": 22,
    "errors": [],
    "items": [],
    "has_more": true,
    "lookback_days": 30,
    "elapsed_seconds": 0.0,
    "pending_remaining": 22
  }
}
[2026-09-27 21:31:03] GET https://intrajisbackend.com/api/dte_sii_status/cron
HTTP 200
{
  "message": {
    "status": "success",
    "mode": "one_by_one",
    "processed": 0,
    "checked": 0,
    "updated": 0,
    "still_pending": 0,
    "rejected_alerts": 0,
    "skipped": 22,
    "errors": [],
    "items": [],
    "has_more": true,
    "lookback_days": 30,
    "elapsed_seconds": 0.0,
    "pending_remaining": 22
  }
}
[2026-09-27 21:51:02] GET https://intrajisbackend.com/api/dte_sii_status/cron
HTTP 200
{
  "message": {
    "status": "success",
    "mode": "one_by_one",
    "processed": 0,
    "checked": 0,
    "updated": 0,
    "still_pending": 0,
    "rejected_alerts": 0,
    "skipped": 22,
    "errors": [],
    "items": [],
    "has_more": true,
    "lookback_days": 30,
    "elapsed_seconds": 0.0,
    "pending_remaining": 22
  }
}
[2026-09-27 22:11:01] GET https://intrajisbackend.com/api/dte_sii_status/cron
HTTP 200
{
  "message": {
    "status": "success",
    "mode": "one_by_one",
    "processed": 0,
    "checked": 0,
    "updated": 0,
    "still_pending": 0,
    "rejected_alerts": 0,
    "skipped": 22,
    "errors": [],
    "items": [],
    "has_more": true,
    "lookback_days": 30,
    "elapsed_seconds": 0.0,
    "pending_remaining": 22
  }
}
[2026-09-27 22:31:02] GET https://intrajisbackend.com/api/dte_sii_status/cron
HTTP 200
{
  "message": {
    "status": "success",
    "mode": "one_by_one",
    "processed": 0,
    "checked": 0,
    "updated": 0,
    "still_pending": 0,
    "rejected_alerts": 0,
    "skipped": 22,
    "errors": [],
    "items": [],
    "has_more": true,
    "lookback_days": 30,
    "elapsed_seconds": 0.0,
    "pending_remaining": 22
  }
}
[2026-09-27 22:51:02] GET https://intrajisbackend.com/api/dte_sii_status/cron
HTTP 200
{
  "message": {
    "status": "success",
    "mode": "one_by_one",
    "processed": 0,
    "checked": 0,
    "updated": 0,
    "still_pending": 0,
    "rejected_alerts": 0,
    "skipped": 22,
    "errors": [],
    "items": [],
    "has_more": true,
    "lookback_days": 30,
    "elapsed_seconds": 0.0,
    "pending_remaining": 22
  }
}
[2026-09-27 23:11:02] GET https://intrajisbackend.com/api/dte_sii_status/cron
HTTP 200
{
  "message": {
    "status": "success",
    "mode": "one_by_one",
    "processed": 0,
    "checked": 0,
    "updated": 0,
    "still_pending": 0,
    "rejected_alerts": 0,
    "skipped": 22,
    "errors": [],
    "items": [],
    "has_more": true,
    "lookback_days": 30,
    "elapsed_seconds": 0.0,
    "pending_remaining": 22
  }
}
[2026-09-27 23:31:02] GET https://intrajisbackend.com/api/dte_sii_status/cron
HTTP 200
{
  "message": {
    "status": "success",
    "mode": "one_by_one",
    "processed": 0,
    "checked": 0,
    "updated": 0,
    "still_pending": 0,
    "rejected_alerts": 0,
    "skipped": 22,
    "errors": [],
    "items": [],
    "has_more": true,
    "lookback_days": 30,
    "elapsed_seconds": 0.0,
    "pending_remaining": 22
  }
}
[2026-09-27 23:51:01] GET https://intrajisbackend.com/api/dte_sii_status/cron
HTTP 200
{
  "message": {
    "status": "success",
    "mode": "one_by_one",
    "processed": 0,
    "checked": 0,
    "updated": 0,
    "still_pending": 0,
    "rejected_alerts": 0,
    "skipped": 22,
    "errors": [],
    "items": [],
    "has_more": true,
    "lookback_days": 30,
    "elapsed_seconds": 0.0,
    "pending_remaining": 22
  }
}
[2026-09-28 09:27:23] GET https://intrajisbackend.com/api/dte_sii_status/cron
HTTP 200
{
  "message": {
    "status": "success",
    "mode": "one_by_one",
    "processed": 0,
    "checked": 0,
    "updated": 0,
    "still_pending": 0,
    "rejected_alerts": 0,
    "skipped": 22,
    "errors": [],
    "items": [],
    "has_more": true,
    "lookback_days": 30,
    "elapsed_seconds": 0.0,
    "pending_remaining": 22
  }
}
^C[2026-09-28 10:11:02] GET https://intrajisbackend.com/api/dte_sii_status/cron
HTTP 200
{
  "message": {
    "status": "success",
    "mode": "one_by_one",
    "processed": 0,
    "checked": 0,
    "updated": 0,
    "still_pending": 0,
    "rejected_alerts": 0,
    "skipped": 22,
    "errors": [],
    "items": [],
    "has_more": true,
    "lookback_days": 30,
    "elapsed_seconds": 0.0,
    "pending_remaining": 22
  }
}
[2026-09-28 10:31:02] GET https://intrajisbackend.com/api/dte_sii_status/cron
HTTP 200
{
  "message": {
    "status": "success",
    "mode": "one_by_one",
    "processed": 0,
    "checked": 0,
    "updated": 0,
    "still_pending": 0,
    "rejected_alerts": 0,
    "skipped": 22,
    "errors": [],
    "items": [],
    "has_more": true,
    "lookback_days": 30,
    "elapsed_seconds": 0.0,
    "pending_remaining": 22
  }
}
[2026-09-28 10:51:02] GET https://intrajisbackend.com/api/dte_sii_status/cron
HTTP 200
{
  "message": {
    "status": "success",
    "mode": "one_by_one",
    "processed": 0,
    "checked": 0,
    "updated": 0,
    "still_pending": 0,
    "rejected_alerts": 0,
    "skipped": 22,
    "errors": [],
    "items": [],
    "has_more": true,
    "lookback_days": 30,
    "elapsed_seconds": 0.0,
    "pending_remaining": 22
  }
}
[2026-09-28 11:11:02] GET https://intrajisbackend.com/api/dte_sii_status/cron
HTTP 200
{
  "message": {
    "status": "success",
    "mode": "one_by_one",
    "processed": 0,
    "checked": 0,
    "updated": 0,
    "still_pending": 0,
    "rejected_alerts": 0,
    "skipped": 22,
    "errors": [],
    "items": [],
    "has_more": true,
    "lookback_days": 30,
    "elapsed_seconds": 0.0,
    "pending_remaining": 22
  }
}
[2026-09-28 11:31:02] GET https://intrajisbackend.com/api/dte_sii_status/cron
HTTP 200
{
  "message": {
    "status": "success",
    "mode": "one_by_one",
    "processed": 0,
    "checked": 0,
    "updated": 0,
    "still_pending": 0,
    "rejected_alerts": 0,
    "skipped": 22,
    "errors": [],
    "items": [],
    "has_more": true,
    "lookback_days": 30,
    "elapsed_seconds": 0.0,
    "pending_remaining": 22
  }
}
[2026-09-28 11:51:02] GET https://intrajisbackend.com/api/dte_sii_status/cron
HTTP 200
{
  "message": {
    "status": "success",
    "mode": "one_by_one",
    "processed": 0,
    "checked": 0,
    "updated": 0,
    "still_pending": 0,
    "rejected_alerts": 0,
    "skipped": 22,
    "errors": [],
    "items": [],
    "has_more": true,
    "lookback_days": 30,
    "elapsed_seconds": 0.0,
    "pending_remaining": 22
  }
}
[2026-09-28 12:11:02] GET https://intrajisbackend.com/api/dte_sii_status/cron
HTTP 200
{
  "message": {
    "status": "success",
    "mode": "one_by_one",
    "processed": 0,
    "checked": 0,
    "updated": 0,
    "still_pending": 0,
    "rejected_alerts": 0,
    "skipped": 22,
    "errors": [],
    "items": [],
    "has_more": true,
    "lookback_days": 30,
    "elapsed_seconds": 0.0,
    "pending_remaining": 22
  }
}
[2026-09-28 12:31:02] GET https://intrajisbackend.com/api/dte_sii_status/cron
HTTP 200
{
  "message": {
    "status": "success",
    "mode": "one_by_one",
    "processed": 0,
    "checked": 0,
    "updated": 0,
    "still_pending": 0,
    "rejected_alerts": 0,
    "skipped": 22,
    "errors": [],
    "items": [],
    "has_more": true,
    "lookback_days": 30,
    "elapsed_seconds": 0.0,
    "pending_remaining": 22
  }
}
[2026-09-28 12:51:02] GET https://intrajisbackend.com/api/dte_sii_status/cron
HTTP 200
{
  "message": {
    "status": "success",
    "mode": "one_by_one",
    "processed": 0,
    "checked": 0,
    "updated": 0,
    "still_pending": 0,
    "rejected_alerts": 0,
    "skipped": 22,
    "errors": [],
    "items": [],
    "has_more": true,
    "lookback_days": 30,
    "elapsed_seconds": 0.0,
    "pending_remaining": 22
  }
}
[2026-09-28 13:11:02] GET https://intrajisbackend.com/api/dte_sii_status/cron
HTTP 200
{
  "message": {
    "status": "success",
    "mode": "one_by_one",
    "processed": 0,
    "checked": 0,
    "updated": 0,
    "still_pending": 0,
    "rejected_alerts": 0,
    "skipped": 22,
    "errors": [],
    "items": [],
    "has_more": true,
    "lookback_days": 30,
    "elapsed_seconds": 0.0,
    "pending_remaining": 22
  }
}
[2026-09-28 13:31:02] GET https://intrajisbackend.com/api/dte_sii_status/cron
HTTP 200
{
  "message": {
    "status": "success",
    "mode": "one_by_one",
    "processed": 0,
    "checked": 0,
    "updated": 0,
    "still_pending": 0,
    "rejected_alerts": 0,
    "skipped": 22,
    "errors": [],
    "items": [],
    "has_more": true,
    "lookback_days": 30,
    "elapsed_seconds": 0.0,
    "pending_remaining": 22
  }
}
[2026-09-28 13:51:02] GET https://intrajisbackend.com/api/dte_sii_status/cron
HTTP 200
{
  "message": {
    "status": "success",
    "mode": "one_by_one",
    "processed": 0,
    "checked": 0,
    "updated": 0,
    "still_pending": 0,
    "rejected_alerts": 0,
    "skipped": 22,
    "errors": [],
    "items": [],
    "has_more": true,
    "lookback_days": 30,
    "elapsed_seconds": 0.0,
    "pending_remaining": 22
  }
}
[2026-09-28 14:11:02] GET https://intrajisbackend.com/api/dte_sii_status/cron
HTTP 200
{
  "message": {
    "status": "success",
    "mode": "one_by_one",
    "processed": 0,
    "checked": 0,
    "updated": 0,
    "still_pending": 0,
    "rejected_alerts": 0,
    "skipped": 22,
    "errors": [],
    "items": [],
    "has_more": true,
    "lookback_days": 30,
    "elapsed_seconds": 0.0,
    "pending_remaining": 22
  }
}
[2026-09-28 14:31:02] GET https://intrajisbackend.com/api/dte_sii_status/cron
HTTP 200
{
  "message": {
    "status": "success",
    "mode": "one_by_one",
    "processed": 0,
    "checked": 0,
    "updated": 0,
    "still_pending": 0,
    "rejected_alerts": 0,
    "skipped": 22,
    "errors": [],
    "items": [],
    "has_more": true,
    "lookback_days": 30,
    "elapsed_seconds": 0.0,
    "pending_remaining": 22
  }
}
[2026-09-28 14:51:02] GET https://intrajisbackend.com/api/dte_sii_status/cron
HTTP 200
{
  "message": {
    "status": "success",
    "mode": "one_by_one",
    "processed": 0,
    "checked": 0,
    "updated": 0,
    "still_pending": 0,
    "rejected_alerts": 0,
    "skipped": 22,
    "errors": [],
    "items": [],
    "has_more": true,
    "lookback_days": 30,
    "elapsed_seconds": 0.0,
    "pending_remaining": 22
  }
}
[2026-09-28 15:11:02] GET https://intrajisbackend.com/api/dte_sii_status/cron
HTTP 200
{
  "message": {
    "status": "success",
    "mode": "one_by_one",
    "processed": 0,
    "checked": 0,
    "updated": 0,
    "still_pending": 0,
    "rejected_alerts": 0,
    "skipped": 22,
    "errors": [],
    "items": [],
    "has_more": true,
    "lookback_days": 30,
    "elapsed_seconds": 0.0,
    "pending_remaining": 22
  }
}
[2026-09-28 23:46:12] GET https://intrajisbackend.com/api/dte_sii_status/cron
HTTP 200
{
  "message": {
    "status": "success",
    "mode": "one_by_one",
    "processed": 0,
    "checked": 0,
    "updated": 0,
    "still_pending": 0,
    "rejected_alerts": 0,
    "skipped": 22,
    "errors": [],
    "items": [],
    "has_more": true,
    "lookback_days": 30,
    "elapsed_seconds": 0.0,
    "pending_remaining": 22
  }
}
[2026-09-28 23:51:03] GET https://intrajisbackend.com/api/dte_sii_status/cron
HTTP 200
{
  "message": {
    "status": "success",
    "mode": "one_by_one",
    "processed": 0,
    "checked": 0,
    "updated": 0,
    "still_pending": 0,
    "rejected_alerts": 0,
    "skipped": 22,
    "errors": [],
    "items": [],
    "has_more": true,
    "lookback_days": 30,
    "elapsed_seconds": 0.0,
    "pending_remaining": 22
  }
}
[2026-09-29 00:11:03] GET https://intrajisbackend.com/api/dte_sii_status/cron
HTTP 200
{
  "message": {
    "status": "success",
    "mode": "one_by_one",
    "processed": 0,
    "checked": 0,
    "updated": 0,
    "still_pending": 0,
    "rejected_alerts": 0,
    "skipped": 22,
    "errors": [],
    "items": [],
    "has_more": true,
    "lookback_days": 30,
    "elapsed_seconds": 0.0,
    "pending_remaining": 22
  }
}
[2026-09-29 00:31:02] GET https://intrajisbackend.com/api/dte_sii_status/cron
HTTP 200
{
  "message": {
    "status": "success",
    "mode": "one_by_one",
    "processed": 0,
    "checked": 0,
    "updated": 0,
    "still_pending": 0,
    "rejected_alerts": 0,
    "skipped": 22,
    "errors": [],
    "items": [],
    "has_more": true,
    "lookback_days": 30,
    "elapsed_seconds": 0.0,
    "pending_remaining": 22
  }
}
[2026-09-29 00:51:02] GET https://intrajisbackend.com/api/dte_sii_status/cron
HTTP 200
{
  "message": {
    "status": "success",
    "mode": "one_by_one",
    "processed": 0,
    "checked": 0,
    "updated": 0,
    "still_pending": 0,
    "rejected_alerts": 0,
    "skipped": 22,
    "errors": [],
    "items": [],
    "has_more": true,
    "lookback_days": 30,
    "elapsed_seconds": 0.0,
    "pending_remaining": 22
  }
}
^C[2026-09-29 09:31:02] GET https://intrajisbackend.com/api/dte_sii_status/cron
HTTP 200
{
  "message": {
    "status": "success",
    "mode": "one_by_one",
    "processed": 0,
    "checked": 0,
    "updated": 0,
    "still_pending": 0,
    "rejected_alerts": 0,
    "skipped": 22,
    "errors": [],
    "items": [],
    "has_more": true,
    "lookback_days": 30,
    "elapsed_seconds": 0.0,
    "pending_remaining": 22
  }
}
[2026-09-29 09:51:02] GET https://intrajisbackend.com/api/dte_sii_status/cron
HTTP 200
{
  "message": {
    "status": "success",
    "mode": "one_by_one",
    "processed": 0,
    "checked": 0,
    "updated": 0,
    "still_pending": 0,
    "rejected_alerts": 0,
    "skipped": 25,
    "errors": [],
    "items": [],
    "has_more": true,
    "lookback_days": 30,
    "elapsed_seconds": 0.0,
    "pending_remaining": 25
  }
}
[2026-09-29 10:11:02] GET https://intrajisbackend.com/api/dte_sii_status/cron
HTTP 200
{
  "message": {
    "status": "success",
    "mode": "one_by_one",
    "processed": 0,
    "checked": 0,
    "updated": 0,
    "still_pending": 0,
    "rejected_alerts": 0,
    "skipped": 25,
    "errors": [],
    "items": [],
    "has_more": true,
    "lookback_days": 30,
    "elapsed_seconds": 0.0,
    "pending_remaining": 25
  }
}
^C^C^C^C[2026-09-29 11:51:02] GET https://intrajisbackend.com/api/dte_sii_status/cron
HTTP 200
{
  "message": {
    "status": "success",
    "mode": "one_by_one",
    "processed": 0,
    "checked": 0,
    "updated": 0,
    "still_pending": 0,
    "rejected_alerts": 0,
    "skipped": 25,
    "errors": [],
    "items": [],
    "has_more": true,
    "lookback_days": 30,
    "elapsed_seconds": 0.0,
    "pending_remaining": 25
  }
}
^C[2026-09-29 12:31:02] GET https://intrajisbackend.com/api/dte_sii_status/cron
HTTP 200
{
  "message": {
    "status": "success",
    "mode": "one_by_one",
    "processed": 0,
    "checked": 0,
    "updated": 0,
    "still_pending": 0,
    "rejected_alerts": 0,
    "skipped": 25,
    "errors": [],
    "items": [],
    "has_more": true,
    "lookback_days": 30,
    "elapsed_seconds": 0.0,
    "pending_remaining": 25
  }
}
[2026-09-29 12:51:02] GET https://intrajisbackend.com/api/dte_sii_status/cron
HTTP 200
{
  "message": {
    "status": "success",
    "mode": "one_by_one",
    "processed": 0,
    "checked": 0,
    "updated": 0,
    "still_pending": 0,
    "rejected_alerts": 0,
    "skipped": 25,
    "errors": [],
    "items": [],
    "has_more": true,
    "lookback_days": 30,
    "elapsed_seconds": 0.0,
    "pending_remaining": 25
  }
}
[2026-09-29 13:11:02] GET https://intrajisbackend.com/api/dte_sii_status/cron
HTTP 200
{
  "message": {
    "status": "success",
    "mode": "one_by_one",
    "processed": 0,
    "checked": 0,
    "updated": 0,
    "still_pending": 0,
    "rejected_alerts": 0,
    "skipped": 25,
    "errors": [],
    "items": [],
    "has_more": true,
    "lookback_days": 30,
    "elapsed_seconds": 0.0,
    "pending_remaining": 25
  }
}
[2026-09-29 13:31:02] GET https://intrajisbackend.com/api/dte_sii_status/cron
HTTP 200
{
  "message": {
    "status": "success",
    "mode": "one_by_one",
    "processed": 0,
    "checked": 0,
    "updated": 0,
    "still_pending": 0,
    "rejected_alerts": 0,
    "skipped": 25,
    "errors": [],
    "items": [],
    "has_more": true,
    "lookback_days": 30,
    "elapsed_seconds": 0.0,
    "pending_remaining": 25
  }
}
[2026-09-29 13:51:02] GET https://intrajisbackend.com/api/dte_sii_status/cron
HTTP 200
{
  "message": {
    "status": "success",
    "mode": "one_by_one",
    "processed": 0,
    "checked": 0,
    "updated": 0,
    "still_pending": 0,
    "rejected_alerts": 0,
    "skipped": 25,
    "errors": [],
    "items": [],
    "has_more": true,
    "lookback_days": 30,
    "elapsed_seconds": 0.0,
    "pending_remaining": 25
  }
}
[2026-09-29 14:11:02] GET https://intrajisbackend.com/api/dte_sii_status/cron
HTTP 200
{
  "message": {
    "status": "success",
    "mode": "one_by_one",
    "processed": 0,
    "checked": 0,
    "updated": 0,
    "still_pending": 0,
    "rejected_alerts": 0,
    "skipped": 25,
    "errors": [],
    "items": [],
    "has_more": true,
    "lookback_days": 30,
    "elapsed_seconds": 0.0,
    "pending_remaining": 25
  }
}
[2026-09-29 14:31:02] GET https://intrajisbackend.com/api/dte_sii_status/cron
HTTP 200
{
  "message": {
    "status": "success",
    "mode": "one_by_one",
    "processed": 0,
    "checked": 0,
    "updated": 0,
    "still_pending": 0,
    "rejected_alerts": 0,
    "skipped": 25,
    "errors": [],
    "items": [],
    "has_more": true,
    "lookback_days": 30,
    "elapsed_seconds": 0.0,
    "pending_remaining": 25
  }
}
[2026-09-29 14:51:02] GET https://intrajisbackend.com/api/dte_sii_status/cron
HTTP 200
{
  "message": {
    "status": "success",
    "mode": "one_by_one",
    "processed": 0,
    "checked": 0,
    "updated": 0,
    "still_pending": 0,
    "rejected_alerts": 0,
    "skipped": 25,
    "errors": [],
    "items": [],
    "has_more": true,
    "lookback_days": 30,
    "elapsed_seconds": 0.0,
    "pending_remaining": 25
  }
}
[2026-09-29 15:11:02] GET https://intrajisbackend.com/api/dte_sii_status/cron
HTTP 200
{
  "message": {
    "status": "success",
    "mode": "one_by_one",
    "processed": 0,
    "checked": 0,
    "updated": 0,
    "still_pending": 0,
    "rejected_alerts": 0,
    "skipped": 25,
    "errors": [],
    "items": [],
    "has_more": true,
    "lookback_days": 30,
    "elapsed_seconds": 0.0,
    "pending_remaining": 25
  }
}
[2026-09-29 15:31:02] GET https://intrajisbackend.com/api/dte_sii_status/cron
HTTP 200
{
  "message": {
    "status": "success",
    "mode": "one_by_one",
    "processed": 0,
    "checked": 0,
    "updated": 0,
    "still_pending": 0,
    "rejected_alerts": 0,
    "skipped": 25,
    "errors": [],
    "items": [],
    "has_more": true,
    "lookback_days": 30,
    "elapsed_seconds": 0.0,
    "pending_remaining": 25
  }
}
[2026-09-29 15:51:02] GET https://intrajisbackend.com/api/dte_sii_status/cron
HTTP 200
{
  "message": {
    "status": "success",
    "mode": "one_by_one",
    "processed": 0,
    "checked": 0,
    "updated": 0,
    "still_pending": 0,
    "rejected_alerts": 0,
    "skipped": 25,
    "errors": [],
    "items": [],
    "has_more": true,
    "lookback_days": 30,
    "elapsed_seconds": 0.0,
    "pending_remaining": 25
  }
}
[2026-09-29 16:11:02] GET https://intrajisbackend.com/api/dte_sii_status/cron
HTTP 200
{
  "message": {
    "status": "success",
    "mode": "one_by_one",
    "processed": 0,
    "checked": 0,
    "updated": 0,
    "still_pending": 0,
    "rejected_alerts": 0,
    "skipped": 25,
    "errors": [],
    "items": [],
    "has_more": true,
    "lookback_days": 30,
    "elapsed_seconds": 0.0,
    "pending_remaining": 25
  }
}
[2026-09-29 16:31:02] GET https://intrajisbackend.com/api/dte_sii_status/cron
HTTP 200
{
  "message": {
    "status": "success",
    "mode": "one_by_one",
    "processed": 0,
    "checked": 0,
    "updated": 0,
    "still_pending": 0,
    "rejected_alerts": 0,
    "skipped": 25,
    "errors": [],
    "items": [],
    "has_more": true,
    "lookback_days": 30,
    "elapsed_seconds": 0.0,
    "pending_remaining": 25
  }
}
[2026-09-29 16:51:02] GET https://intrajisbackend.com/api/dte_sii_status/cron
HTTP 200
{
  "message": {
    "status": "success",
    "mode": "one_by_one",
    "processed": 0,
    "checked": 0,
    "updated": 0,
    "still_pending": 0,
    "rejected_alerts": 0,
    "skipped": 25,
    "errors": [],
    "items": [],
    "has_more": true,
    "lookback_days": 30,
    "elapsed_seconds": 0.0,
    "pending_remaining": 25
  }
}
[2026-09-29 17:11:02] GET https://intrajisbackend.com/api/dte_sii_status/cron
HTTP 200
{
  "message": {
    "status": "success",
    "mode": "one_by_one",
    "processed": 0,
    "checked": 0,
    "updated": 0,
    "still_pending": 0,
    "rejected_alerts": 0,
    "skipped": 25,
    "errors": [],
    "items": [],
    "has_more": true,
    "lookback_days": 30,
    "elapsed_seconds": 0.0,
    "pending_remaining": 25
  }
}
[2026-09-29 17:31:02] GET https://intrajisbackend.com/api/dte_sii_status/cron
HTTP 200
{
  "message": {
    "status": "success",
    "mode": "one_by_one",
    "processed": 0,
    "checked": 0,
    "updated": 0,
    "still_pending": 0,
    "rejected_alerts": 0,
    "skipped": 25,
    "errors": [],
    "items": [],
    "has_more": true,
    "lookback_days": 30,
    "elapsed_seconds": 0.0,
    "pending_remaining": 25
  }
}
[2026-09-29 17:51:02] GET https://intrajisbackend.com/api/dte_sii_status/cron
HTTP 200
{
  "message": {
    "status": "success",
    "mode": "one_by_one",
    "processed": 0,
    "checked": 0,
    "updated": 0,
    "still_pending": 0,
    "rejected_alerts": 0,
    "skipped": 25,
    "errors": [],
    "items": [],
    "has_more": true,
    "lookback_days": 30,
    "elapsed_seconds": 0.0,
    "pending_remaining": 25
  }
}
[2026-09-29 18:11:02] GET https://intrajisbackend.com/api/dte_sii_status/cron
HTTP 200
{
  "message": {
    "status": "success",
    "mode": "one_by_one",
    "processed": 0,
    "checked": 0,
    "updated": 0,
    "still_pending": 0,
    "rejected_alerts": 0,
    "skipped": 25,
    "errors": [],
    "items": [],
    "has_more": true,
    "lookback_days": 30,
    "elapsed_seconds": 0.0,
    "pending_remaining": 25
  }
}
[2026-09-29 18:31:02] GET https://intrajisbackend.com/api/dte_sii_status/cron
HTTP 200
{
  "message": {
    "status": "success",
    "mode": "one_by_one",
    "processed": 0,
    "checked": 0,
    "updated": 0,
    "still_pending": 0,
    "rejected_alerts": 0,
    "skipped": 25,
    "errors": [],
    "items": [],
    "has_more": true,
    "lookback_days": 30,
    "elapsed_seconds": 0.0,
    "pending_remaining": 25
  }
}
^C[2026-09-29 19:11:02] GET https://intrajisbackend.com/api/dte_sii_status/cron
HTTP 200
{
  "message": {
    "status": "success",
    "mode": "one_by_one",
    "processed": 0,
    "checked": 0,
    "updated": 0,
    "still_pending": 0,
    "rejected_alerts": 0,
    "skipped": 25,
    "errors": [],
    "items": [],
    "has_more": true,
    "lookback_days": 30,
    "elapsed_seconds": 0.0,
    "pending_remaining": 25
  }
}
[2026-09-29 19:31:02] GET https://intrajisbackend.com/api/dte_sii_status/cron
HTTP 200
{
  "message": {
    "status": "success",
    "mode": "one_by_one",
    "processed": 0,
    "checked": 0,
    "updated": 0,
    "still_pending": 0,
    "rejected_alerts": 0,
    "skipped": 25,
    "errors": [],
    "items": [],
    "has_more": true,
    "lookback_days": 30,
    "elapsed_seconds": 0.0,
    "pending_remaining": 25
  }
}
[2026-09-29 19:51:02] GET https://intrajisbackend.com/api/dte_sii_status/cron
HTTP 200
{
  "message": {
    "status": "success",
    "mode": "one_by_one",
    "processed": 0,
    "checked": 0,
    "updated": 0,
    "still_pending": 0,
    "rejected_alerts": 0,
    "skipped": 25,
    "errors": [],
    "items": [],
    "has_more": true,
    "lookback_days": 30,
    "elapsed_seconds": 0.0,
    "pending_remaining": 25
  }
}
[2026-09-29 20:11:02] GET https://intrajisbackend.com/api/dte_sii_status/cron
HTTP 200
{
  "message": {
    "status": "success",
    "mode": "one_by_one",
    "processed": 0,
    "checked": 0,
    "updated": 0,
    "still_pending": 0,
    "rejected_alerts": 0,
    "skipped": 25,
    "errors": [],
    "items": [],
    "has_more": true,
    "lookback_days": 30,
    "elapsed_seconds": 0.0,
    "pending_remaining": 25
  }
}
[2026-09-29 20:31:02] GET https://intrajisbackend.com/api/dte_sii_status/cron
HTTP 200
{
  "message": {
    "status": "success",
    "mode": "one_by_one",
    "processed": 0,
    "checked": 0,
    "updated": 0,
    "still_pending": 0,
    "rejected_alerts": 0,
    "skipped": 25,
    "errors": [],
    "items": [],
    "has_more": true,
    "lookback_days": 30,
    "elapsed_seconds": 0.0,
    "pending_remaining": 25
  }
}
[2026-09-29 21:54:31] GET https://intrajisbackend.com/api/dte_sii_status/cron
HTTP 200
{
  "message": {
    "status": "success",
    "mode": "one_by_one",
    "processed": 0,
    "checked": 0,
    "updated": 0,
    "still_pending": 0,
    "rejected_alerts": 0,
    "skipped": 25,
    "errors": [],
    "items": [],
    "has_more": true,
    "lookback_days": 30,
    "elapsed_seconds": 0.0,
    "pending_remaining": 25
  }
}
[2026-09-29 22:11:03] GET https://intrajisbackend.com/api/dte_sii_status/cron
HTTP 200
{
  "message": {
    "status": "success",
    "mode": "one_by_one",
    "processed": 0,
    "checked": 0,
    "updated": 0,
    "still_pending": 0,
    "rejected_alerts": 0,
    "skipped": 25,
    "errors": [],
    "items": [],
    "has_more": true,
    "lookback_days": 30,
    "elapsed_seconds": 0.0,
    "pending_remaining": 25
  }
}
[2026-09-29 22:31:03] GET https://intrajisbackend.com/api/dte_sii_status/cron
HTTP 200
{
  "message": {
    "status": "success",
    "mode": "one_by_one",
    "processed": 0,
    "checked": 0,
    "updated": 0,
    "still_pending": 0,
    "rejected_alerts": 0,
    "skipped": 25,
    "errors": [],
    "items": [],
    "has_more": true,
    "lookback_days": 30,
    "elapsed_seconds": 0.0,
    "pending_remaining": 25
  }
}
^C[2026-09-29 23:11:02] GET https://intrajisbackend.com/api/dte_sii_status/cron
HTTP 200
{
  "message": {
    "status": "success",
    "mode": "one_by_one",
    "processed": 0,
    "checked": 0,
    "updated": 0,
    "still_pending": 0,
    "rejected_alerts": 0,
    "skipped": 25,
    "errors": [],
    "items": [],
    "has_more": true,
    "lookback_days": 30,
    "elapsed_seconds": 0.0,
    "pending_remaining": 25
  }
}
[2026-09-29 23:31:02] GET https://intrajisbackend.com/api/dte_sii_status/cron
HTTP 200
{
  "message": {
    "status": "success",
    "mode": "one_by_one",
    "processed": 0,
    "checked": 0,
    "updated": 0,
    "still_pending": 0,
    "rejected_alerts": 0,
    "skipped": 25,
    "errors": [],
    "items": [],
    "has_more": true,
    "lookback_days": 30,
    "elapsed_seconds": 0.0,
    "pending_remaining": 25
  }
}
[2026-09-29 23:51:02] GET https://intrajisbackend.com/api/dte_sii_status/cron
HTTP 200
{
  "message": {
    "status": "success",
    "mode": "one_by_one",
    "processed": 0,
    "checked": 0,
    "updated": 0,
    "still_pending": 0,
    "rejected_alerts": 0,
    "skipped": 25,
    "errors": [],
    "items": [],
    "has_more": true,
    "lookback_days": 30,
    "elapsed_seconds": 0.0,
    "pending_remaining": 25
  }
}
[2026-09-30 00:11:02] GET https://intrajisbackend.com/api/dte_sii_status/cron
HTTP 200
{
  "message": {
    "status": "success",
    "mode": "one_by_one",
    "processed": 0,
    "checked": 0,
    "updated": 0,
    "still_pending": 0,
    "rejected_alerts": 0,
    "skipped": 25,
    "errors": [],
    "items": [],
    "has_more": true,
    "lookback_days": 30,
    "elapsed_seconds": 0.0,
    "pending_remaining": 25
  }
}
[2026-09-30 20:13:28] GET https://intrajisbackend.com/api/dte_sii_status/cron
HTTP 200
{
  "message": {
    "status": "success",
    "mode": "one_by_one",
    "processed": 0,
    "checked": 0,
    "updated": 0,
    "still_pending": 0,
    "rejected_alerts": 0,
    "skipped": 25,
    "errors": [],
    "items": [],
    "has_more": true,
    "lookback_days": 30,
    "elapsed_seconds": 0.0,
    "pending_remaining": 25
  }
}
[2026-09-30 20:31:02] GET https://intrajisbackend.com/api/dte_sii_status/cron
HTTP 200
{
  "message": {
    "status": "success",
    "mode": "one_by_one",
    "processed": 0,
    "checked": 0,
    "updated": 0,
    "still_pending": 0,
    "rejected_alerts": 0,
    "skipped": 25,
    "errors": [],
    "items": [],
    "has_more": true,
    "lookback_days": 30,
    "elapsed_seconds": 0.0,
    "pending_remaining": 25
  }
}
[2026-09-30 20:51:02] GET https://intrajisbackend.com/api/dte_sii_status/cron
HTTP 200
{
  "message": {
    "status": "success",
    "mode": "one_by_one",
    "processed": 0,
    "checked": 0,
    "updated": 0,
    "still_pending": 0,
    "rejected_alerts": 0,
    "skipped": 25,
    "errors": [],
    "items": [],
    "has_more": true,
    "lookback_days": 30,
    "elapsed_seconds": 0.0,
    "pending_remaining": 25
  }
}
[2026-09-30 21:11:02] GET https://intrajisbackend.com/api/dte_sii_status/cron
HTTP 200
{
  "message": {
    "status": "success",
    "mode": "one_by_one",
    "processed": 0,
    "checked": 0,
    "updated": 0,
    "still_pending": 0,
    "rejected_alerts": 0,
    "skipped": 25,
    "errors": [],
    "items": [],
    "has_more": true,
    "lookback_days": 30,
    "elapsed_seconds": 0.0,
    "pending_remaining": 25
  }
}
[2026-09-30 21:31:02] GET https://intrajisbackend.com/api/dte_sii_status/cron
HTTP 200
{
  "message": {
    "status": "success",
    "mode": "one_by_one",
    "processed": 0,
    "checked": 0,
    "updated": 0,
    "still_pending": 0,
    "rejected_alerts": 0,
    "skipped": 25,
    "errors": [],
    "items": [],
    "has_more": true,
    "lookback_days": 30,
    "elapsed_seconds": 0.0,
    "pending_remaining": 25
  }
}
[2026-09-30 21:51:02] GET https://intrajisbackend.com/api/dte_sii_status/cron
HTTP 200
{
  "message": {
    "status": "success",
    "mode": "one_by_one",
    "processed": 0,
    "checked": 0,
    "updated": 0,
    "still_pending": 0,
    "rejected_alerts": 0,
    "skipped": 25,
    "errors": [],
    "items": [],
    "has_more": true,
    "lookback_days": 30,
    "elapsed_seconds": 0.0,
    "pending_remaining": 25
  }
}
[2026-09-30 22:11:02] GET https://intrajisbackend.com/api/dte_sii_status/cron
HTTP 200
{
  "message": {
    "status": "success",
    "mode": "one_by_one",
    "processed": 0,
    "checked": 0,
    "updated": 0,
    "still_pending": 0,
    "rejected_alerts": 0,
    "skipped": 25,
    "errors": [],
    "items": [],
    "has_more": true,
    "lookback_days": 30,
    "elapsed_seconds": 0.0,
    "pending_remaining": 25
  }
}
[2026-09-30 22:31:02] GET https://intrajisbackend.com/api/dte_sii_status/cron
HTTP 200
{
  "message": {
    "status": "success",
    "mode": "one_by_one",
    "processed": 0,
    "checked": 0,
    "updated": 0,
    "still_pending": 0,
    "rejected_alerts": 0,
    "skipped": 27,
    "errors": [],
    "items": [],
    "has_more": true,
    "lookback_days": 30,
    "elapsed_seconds": 0.0,
    "pending_remaining": 27
  }
}
[2026-09-30 23:11:02] GET https://intrajisbackend.com/api/dte_sii_status/cron
HTTP 200
{
  "message": {
    "status": "success",
    "mode": "one_by_one",
    "processed": 0,
    "checked": 0,
    "updated": 0,
    "still_pending": 0,
    "rejected_alerts": 0,
    "skipped": 27,
    "errors": [],
    "items": [],
    "has_more": true,
    "lookback_days": 30,
    "elapsed_seconds": 0.0,
    "pending_remaining": 27
  }
}
[2026-09-30 23:31:02] GET https://intrajisbackend.com/api/dte_sii_status/cron
HTTP 200
{
  "message": {
    "status": "success",
    "mode": "one_by_one",
    "processed": 0,
    "checked": 0,
    "updated": 0,
    "still_pending": 0,
    "rejected_alerts": 0,
    "skipped": 27,
    "errors": [],
    "items": [],
    "has_more": true,
    "lookback_days": 30,
    "elapsed_seconds": 0.0,
    "pending_remaining": 27
  }
}
^C^C[2026-10-01 00:31:02] GET https://intrajisbackend.com/api/dte_sii_status/cron
HTTP 200
{
  "message": {
    "status": "success",
    "mode": "one_by_one",
    "processed": 0,
    "checked": 0,
    "updated": 0,
    "still_pending": 0,
    "rejected_alerts": 0,
    "skipped": 27,
    "errors": [],
    "items": [],
    "has_more": true,
    "lookback_days": 30,
    "elapsed_seconds": 0.0,
    "pending_remaining": 27
  }
}
[2026-10-01 09:00:05] GET https://intrajisbackend.com/api/dte_sii_status/cron
HTTP 200
{
  "message": {
    "status": "success",
    "mode": "one_by_one",
    "processed": 0,
    "checked": 0,
    "updated": 0,
    "still_pending": 0,
    "rejected_alerts": 0,
    "skipped": 23,
    "errors": [],
    "items": [],
    "has_more": true,
    "lookback_days": 30,
    "elapsed_seconds": 0.0,
    "pending_remaining": 23
  }
}
[2026-10-01 09:11:02] GET https://intrajisbackend.com/api/dte_sii_status/cron
HTTP 200
{
  "message": {
    "status": "success",
    "mode": "one_by_one",
    "processed": 0,
    "checked": 0,
    "updated": 0,
    "still_pending": 0,
    "rejected_alerts": 0,
    "skipped": 23,
    "errors": [],
    "items": [],
    "has_more": true,
    "lookback_days": 30,
    "elapsed_seconds": 0.0,
    "pending_remaining": 23
  }
}
[2026-10-01 09:31:02] GET https://intrajisbackend.com/api/dte_sii_status/cron
HTTP 200
{
  "message": {
    "status": "success",
    "mode": "one_by_one",
    "processed": 0,
    "checked": 0,
    "updated": 0,
    "still_pending": 0,
    "rejected_alerts": 0,
    "skipped": 23,
    "errors": [],
    "items": [],
    "has_more": true,
    "lookback_days": 30,
    "elapsed_seconds": 0.0,
    "pending_remaining": 23
  }
}
[2026-10-01 10:11:02] GET https://intrajisbackend.com/api/dte_sii_status/cron
HTTP 200
{
  "message": {
    "status": "success",
    "mode": "one_by_one",
    "processed": 0,
    "checked": 0,
    "updated": 0,
    "still_pending": 0,
    "rejected_alerts": 0,
    "skipped": 23,
    "errors": [],
    "items": [],
    "has_more": true,
    "lookback_days": 30,
    "elapsed_seconds": 0.0,
    "pending_remaining": 23
  }
}
^C[2026-10-01 10:51:03] GET https://intrajisbackend.com/api/dte_sii_status/cron
HTTP 200
{
  "message": {
    "status": "success",
    "mode": "one_by_one",
    "processed": 0,
    "checked": 0,
    "updated": 0,
    "still_pending": 0,
    "rejected_alerts": 0,
    "skipped": 23,
    "errors": [],
    "items": [],
    "has_more": true,
    "lookback_days": 30,
    "elapsed_seconds": 0.0,
    "pending_remaining": 23
  }
}
[2026-10-01 11:11:02] GET https://intrajisbackend.com/api/dte_sii_status/cron
HTTP 200
{
  "message": {
    "status": "success",
    "mode": "one_by_one",
    "processed": 0,
    "checked": 0,
    "updated": 0,
    "still_pending": 0,
    "rejected_alerts": 0,
    "skipped": 23,
    "errors": [],
    "items": [],
    "has_more": true,
    "lookback_days": 30,
    "elapsed_seconds": 0.0,
    "pending_remaining": 23
  }
}
[2026-10-01 11:31:02] GET https://intrajisbackend.com/api/dte_sii_status/cron
HTTP 200
{
  "message": {
    "status": "success",
    "mode": "one_by_one",
    "processed": 0,
    "checked": 0,
    "updated": 0,
    "still_pending": 0,
    "rejected_alerts": 0,
    "skipped": 23,
    "errors": [],
    "items": [],
    "has_more": true,
    "lookback_days": 30,
    "elapsed_seconds": 0.0,
    "pending_remaining": 23
  }
}
[2026-10-01 11:51:02] GET https://intrajisbackend.com/api/dte_sii_status/cron
HTTP 200
{
  "message": {
    "status": "success",
    "mode": "one_by_one",
    "processed": 0,
    "checked": 0,
    "updated": 0,
    "still_pending": 0,
    "rejected_alerts": 0,
    "skipped": 23,
    "errors": [],
    "items": [],
    "has_more": true,
    "lookback_days": 30,
    "elapsed_seconds": 0.0,
    "pending_remaining": 23
  }
}
[2026-10-01 12:11:02] GET https://intrajisbackend.com/api/dte_sii_status/cron
HTTP 200
{
  "message": {
    "status": "success",
    "mode": "one_by_one",
    "processed": 0,
    "checked": 0,
    "updated": 0,
    "still_pending": 0,
    "rejected_alerts": 0,
    "skipped": 23,
    "errors": [],
    "items": [],
    "has_more": true,
    "lookback_days": 30,
    "elapsed_seconds": 0.0,
    "pending_remaining": 23
  }
}
[2026-10-01 12:31:02] GET https://intrajisbackend.com/api/dte_sii_status/cron
HTTP 200
{
  "message": {
    "status": "success",
    "mode": "one_by_one",
    "processed": 0,
    "checked": 0,
    "updated": 0,
    "still_pending": 0,
    "rejected_alerts": 0,
    "skipped": 23,
    "errors": [],
    "items": [],
    "has_more": true,
    "lookback_days": 30,
    "elapsed_seconds": 0.0,
    "pending_remaining": 23
  }
}
^C[2026-10-01 13:11:02] GET https://intrajisbackend.com/api/dte_sii_status/cron
HTTP 200
{
  "message": {
    "status": "success",
    "mode": "one_by_one",
    "processed": 0,
    "checked": 0,
    "updated": 0,
    "still_pending": 0,
    "rejected_alerts": 0,
    "skipped": 24,
    "errors": [],
    "items": [],
    "has_more": true,
    "lookback_days": 30,
    "elapsed_seconds": 0.0,
    "pending_remaining": 24
  }
}
